Empresa,Año,Mes,T2M,WS10M,CLOUD_AMT,RH2M,T2M_MAX,T2M_MIN,CLOUD_OD,GWETROOT,TS,PRECTOTCORR,ALLSKY_SFC_SW_DWN,PS,T2MWET,ALLSKY_SFC_SW_DIFF,ALLSKY_SFC_LW_DWN
CNFL,2020,1,22.91,1.74,53.11000000000001,84.03,28.81,18.68,4.33,0.6999999999999998,23.39,2.23,4.957466666666667,93.77,21.399999999999995,1.7592333333333334,9.609266666666667
CNFL,2020,2,23.459999999999997,1.96,36.46333333333333,77.96,30.05,17.59,3.956666666666667,0.59,24.09,0.57,6.045133333333333,93.76,21.26,1.7210666666666665,9.557033333333335
CNFL,2020,3,24.72,1.75,26.83,65.86,32.62,18.39,4.333333333333333,0.45,26.27,0.38000000000000006,6.738533333333334,93.82,20.95,1.7035333333333333,9.4478
CNFL,2020,4,24.89,1.21,63.16,73.88,33.65,18.0,4.513333333333334,0.47,26.149999999999995,5.86,5.733266666666666,93.78000000000002,22.070000000000004,2.3604666666666665,9.8521
CNFL,2020,5,24.48,1.05,87.37,84.14,31.25,19.69,7.206666666666666,0.55,25.16,8.31,4.499300000000001,93.75,22.899999999999995,2.4121333333333332,9.898333333333333
CNFL,2020,6,23.459999999999997,1.09,90.15333333333335,89.86,29.149999999999995,19.31,7.3999999999999995,0.79,23.94,13.57,4.422933333333333,93.75,22.51,2.4679,9.778666666666666
CNFL,2020,7,23.19,1.01,82.93666666666667,88.09999999999998,28.83,17.66,6.473333333333334,0.85,23.69,8.82,4.700166666666667,93.71999999999998,22.070000000000004,2.5353,9.723133333333333
CNFL,2020,8,23.3,1.08,83.63333333333333,90.21,29.02,17.79,8.176666666666666,0.88,23.75,10.33,4.6023,93.71999999999998,22.39,2.3950666666666667,9.764433333333335
CNFL,2020,9,23.100000000000005,0.9,82.57666666666667,90.54,28.399999999999995,18.9,6.079999999999999,0.93,23.55,14.76,5.086566666666667,93.71999999999998,22.22,2.440733333333333,9.726333333333333
CNFL,2020,10,22.8,1.14,85.54666666666667,92.08999999999999,28.790000000000003,19.25,6.93,0.9700000000000001,23.23,15.82,4.432066666666667,93.68,22.08,2.2013666666666665,9.712966666666667
CNFL,2020,11,22.42,1.26,81.10666666666667,92.62,27.570000000000004,19.55,6.13,0.98,22.91,25.58,4.079033333333333,93.71,21.76,1.9871999999999999,9.672266666666667
CNFL,2020,12,22.179999999999996,1.38,59.050000000000004,87.63,27.459999999999997,16.96,4.61,0.91,22.600000000000005,6.78,4.688933333333333,93.71999999999998,21.02,1.5903333333333334,9.499333333333334
CNFL,2021,1,22.26,1.54,52.82333333333333,84.0,28.2,17.13,3.86,0.82,22.73,1.04,5.1077,93.67,20.75,1.8329000000000002,9.397866666666667
CNFL,2021,2,22.84,1.59,48.50333333333333,81.23,28.790000000000003,17.71,3.766666666666667,0.65,23.59,0.45,5.8312,93.71999999999998,21.03,1.8675,9.5201
CNFL,2021,3,23.27,1.74,45.43666666666667,74.71,30.64,16.07,3.8000000000000003,0.52,24.399999999999995,2.33,6.377866666666667,93.74,20.67,1.9282000000000001,9.4619
CNFL,2021,4,23.7,1.24,79.23666666666666,82.25,31.11,17.56,5.866666666666667,0.57,24.38,8.97,5.3163,93.68,21.92,2.3676,9.8407
CNFL,2021,5,23.600000000000005,1.06,82.53333333333335,87.17,29.28,18.65,7.403333333333333,0.7200000000000001,24.08,7.89,4.6372,93.75,22.38,2.3498666666666668,9.8771
CNFL,2021,6,23.290000000000003,0.89,83.42333333333333,89.61,29.13,18.71,6.0566666666666675,0.79,23.709999999999997,11.79,4.915133333333333,93.79,22.31,2.4017999999999997,9.756333333333332
CNFL,2021,7,23.459999999999997,1.03,83.02666666666666,89.02,28.8,19.24,7.836666666666666,0.87,23.87,11.160000000000002,4.5224,93.77,22.44,2.295533333333333,9.7845
CNFL,2021,8,23.03,0.87,90.59333333333332,90.64,28.63,18.9,7.69,0.91,23.459999999999997,16.15,4.595066666666667,93.79,22.16,2.5263333333333335,9.761566666666667
CNFL,2021,9,23.02,0.87,85.04333333333334,90.19,28.06,19.28,6.116666666666667,0.9499999999999998,23.49,14.22,4.8592,93.78000000000002,22.11,2.3568333333333333,9.7366
CNFL,2021,10,23.179999999999996,0.87,81.11666666666666,90.94,28.290000000000003,19.36,5.6499999999999995,0.96,23.59,9.54,4.5028999999999995,93.71999999999998,22.350000000000005,2.204,9.747533333333333
CNFL,2021,11,22.62,1.1,74.06666666666666,87.87,27.8,18.03,5.256666666666667,0.89,23.14,3.3800000000000003,4.3259,93.73,21.48,1.8675333333333333,9.6558
CNFL,2021,12,22.81,1.32,58.42666666666667,85.64,27.73,17.98,4.9366666666666665,0.77,23.290000000000003,1.59,4.560866666666667,93.7,21.459999999999997,1.6581333333333335,9.563899999999999
CNFL,2022,1,22.17,1.61,44.876666666666665,80.55,28.05,17.16,3.66,0.62,22.89,0.33,5.426633333333332,93.8,20.28,1.6178000000000001,9.385299999999999
CNFL,2022,2,23.179999999999996,1.87,36.96333333333333,69.54,30.48,15.53,3.5933333333333337,0.48,24.52,0.38000000000000006,6.179033333333333,93.76,19.94,1.6932,9.304633333333333
CNFL,2022,3,24.320000000000004,1.5200000000000002,47.056666666666665,70.15,31.86,18.02,4.0,0.47,25.72,4.51,6.2863,93.74,21.09,1.9642333333333333,9.597266666666668
CNFL,2022,4,24.47,1.17,77.27,77.04,32.59,19.4,4.946666666666666,0.48,25.74,5.419999999999999,5.4014999999999995,93.67,22.040000000000003,2.3771333333333335,10.0772
CNFL,2022,5,23.55,0.9,86.66666666666667,89.11,29.290000000000003,18.94,7.343333333333334,0.66,24.06,10.48,4.5809999999999995,93.74,22.52,2.3295333333333335,10.141333333333334
CNFL,2022,6,22.39,1.1,90.51666666666667,91.62,27.09,17.65,8.423333333333334,0.82,22.77,13.47,4.428733333333333,93.77,21.63,2.3582666666666667,10.019933333333332
CNFL,2022,7,23.25,1.0,85.29666666666667,89.56,28.709999999999997,18.41,7.640000000000001,0.89,23.67,7.989999999999999,4.3611,93.73,22.28,2.3163,10.082099999999999
CNFL,2022,8,23.12,0.9700000000000001,83.63333333333334,88.75,29.02,18.84,7.626666666666668,0.87,23.59,6.71,4.764833333333333,93.74,22.06,2.343666666666667,10.046566666666665
CNFL,2022,9,22.820000000000004,1.05,86.02999999999999,91.64,28.61,19.17,7.113333333333333,0.9,23.23,10.99,4.830900000000001,93.76,22.06,2.3453666666666666,10.021033333333333
CNFL,2022,10,22.86,1.01,80.42333333333333,91.45,28.67,18.43,6.373333333333334,0.93,23.3,10.58,4.3184000000000005,93.71999999999998,22.08,2.1439666666666666,10.036
CNFL,2022,11,22.600000000000005,1.01,83.00333333333333,91.66000000000001,28.02,17.82,7.826666666666667,0.94,23.08,12.089999999999998,3.7093666666666665,93.7,21.84,1.8944,10.0453
CNFL,2022,12,22.36,1.45,47.050000000000004,84.96,27.97,17.38,4.256666666666667,0.86,22.820000000000004,1.25,4.821533333333334,93.71,20.95,1.5858333333333334,9.727
CNFL,2023,1,22.2,1.63,46.23666666666667,83.75,27.87,16.63,4.433333333333334,0.7200000000000001,22.75,1.29,5.0898666666666665,93.78000000000002,20.66,1.6258,9.709
CNFL,2023,2,22.84,2.19,24.53,75.49,30.070000000000004,16.13,4.949999999999999,0.56,23.820000000000004,0.62,6.0383,93.74,20.41,1.5197333333333336,9.554499999999999
CNFL,2023,3,23.459999999999997,1.37,53.68666666666667,77.12,31.100000000000005,18.08,5.2,0.5,24.570000000000004,3.7900000000000005,5.651266666666667,93.78000000000002,21.1,1.9585,9.849666666666666
CNFL,2023,4,24.95,1.3500000000000003,56.61333333333334,70.65,33.13,18.91,4.026666666666666,0.46,26.209999999999997,2.31,6.008866666666666,93.69,21.75,2.2551666666666663,9.968266666666667
CNFL,2023,5,25.33,1.25,66.27666666666667,77.35,33.23,20.25,4.846666666666667,0.5,26.16,7.29,5.6392999999999995,93.68,22.91,2.2317,10.1685
CNFL,2023,6,24.13,1.04,83.81666666666668,88.31,30.25,19.57,6.543333333333333,0.68,24.59,8.15,5.068266666666667,93.7,23.02,2.3938333333333333,10.200533333333333
CNFL,2023,7,24.24,1.19,84.79666666666667,87.15000000000002,30.37,19.68,7.413333333333334,0.73,24.63,7.27,4.698733333333333,93.71999999999998,23.01,2.4275333333333333,10.197133333333333
CNFL,2023,8,24.23,1.07,82.88333333333334,87.34999999999998,30.100000000000005,19.64,7.336666666666666,0.75,24.66,6.739999999999999,4.680233333333333,93.69,23.02,2.3451,10.1992
CNFL,2023,9,24.31,0.9700000000000001,79.13333333333334,86.18,29.83,18.78,6.223333333333334,0.7600000000000001,24.83,7.43,4.910233333333333,93.66000000000001,22.97,2.2114333333333334,10.174933333333334
CNFL,2023,10,23.5,1.06,88.38999999999999,92.81,28.290000000000003,20.16,6.63,0.86,23.850000000000005,14.12,4.4683,93.7,22.850000000000005,2.302,10.1793
CNFL,2023,11,23.42,1.0,75.18,91.28000000000002,28.7,18.67,5.63,0.9,23.78,7.09,4.2312,93.59999999999998,22.62,1.8960666666666668,10.1616
CNFL,2023,12,23.58,1.53,51.02666666666667,85.62,29.73,18.42,5.1066666666666665,0.7799999999999999,24.01,1.6900000000000002,4.779366666666667,93.65000000000002,22.22,1.5641666666666667,9.977733333333333
CNFL,2024,1,23.679999999999996,1.58,33.51666666666667,82.07,29.59,18.19,5.043333333333334,0.63,24.320000000000004,0.28,5.2935,93.73,21.95,1.4778666666666667,9.879833333333332
CNFL,2024,2,24.0,1.82,35.00333333333333,74.22,31.33,16.57,5.033333333333334,0.5,25.11,1.32,5.9299333333333335,93.77,21.33,1.6386666666666667,9.796466666666666
CNFL,2024,3,25.959999999999997,1.43,42.70666666666667,67.95,34.19,17.54,4.843333333333334,0.44,27.44,1.46,6.0796,93.71999999999998,22.350000000000005,2.0967000000000002,10.033266666666668
CNFL,2024,4,25.55,1.41,63.49666666666667,71.55,34.05,18.26,4.44,0.46,26.66,4.27,5.726933333333332,93.71999999999998,22.39,2.1975000000000002,10.098666666666666
CNFL,2024,5,25.290000000000003,0.96,74.36666666666667,83.51,32.98,20.24,5.753333333333333,0.55,26.0,25.11,5.0752999999999995,93.66000000000001,23.56,2.3669,10.319766666666666
CNFL,2024,6,23.77,1.14,89.82666666666667,92.51,29.44,20.22,7.346666666666667,0.9,24.14,22.88,4.647100000000001,93.75,23.09,2.461933333333333,10.206733333333332
CNFL,2024,7,23.87,1.08,89.96666666666665,91.16000000000001,28.61,19.1,8.496666666666668,0.98,24.23,15.42,4.308333333333333,93.7,23.06,2.3849,10.226466666666667
CNFL,2024,8,23.86,0.88,85.14333333333333,90.05,28.929999999999996,19.78,6.84,0.96,24.28,7.62,4.570333333333333,93.78000000000002,22.94,2.4190333333333336,10.171333333333333
CNFL,2024,9,23.69,0.9899999999999999,89.25666666666666,91.48,29.05,20.13,8.053333333333333,0.9700000000000001,24.13,13.75,4.2933666666666666,93.67,22.899999999999995,2.3863333333333334,10.195866666666667
CNFL,2024,10,23.42,1.05,82.71666666666667,91.75,28.320000000000004,19.2,5.953333333333333,0.98,23.850000000000005,11.54,4.564033333333334,93.73,22.679999999999996,2.1809333333333334,10.141433333333334
CNFL,2024,11,22.59,1.27,87.23666666666668,93.33999999999999,28.03,18.72,8.946666666666667,0.9899999999999999,23.070000000000004,29.179999999999996,3.434533333333333,93.7,21.99,1.8305333333333333,10.112
CNFL,2024,12,22.929999999999996,1.46,67.77333333333333,88.13,28.24,18.18,6.890000000000001,0.89,23.27,3.89,3.9486666666666665,93.7,21.83,1.627,9.999266666666665
CNFL,2025,1,22.86,1.45,58.44333333333333,85.1,28.33,17.54,4.816666666666666,0.8000000000000002,23.28,1.26,4.712933333333333,93.76,21.459999999999997,1.7844666666666669,9.866999999999999
CNFL,2025,2,23.09,1.53,58.28,81.9,29.179999999999996,18.43,4.39,0.65,23.7,0.88,5.332066666666667,93.73,21.350000000000005,2.0232666666666668,9.860466666666667
CNFL,2025,3,24.05,1.41,52.800000000000004,76.26,30.91,18.12,4.1499999999999995,0.53,25.070000000000004,1.99,5.921466666666666,93.77,21.61,2.0892666666666666,9.888533333333333
CNFL,2025,4,24.31,1.3999999999999997,71.12666666666667,78.71,31.2,19.29,5.103333333333333,0.54,25.17,7.29,5.491233333333334,93.73,22.14,2.392866666666667,10.129766666666667
CNFL,2025,5,24.149999999999995,0.91,82.22666666666667,89.45,29.49,20.81,7.283333333333334,0.71,24.63,14.410000000000002,5.0065333333333335,93.7,23.149999999999995,2.390133333333333,10.249966666666666
CNFL,2025,6,23.55,0.9,91.78666666666668,91.02,29.03,20.24,9.093333333333334,0.89,23.95,16.64,4.378633333333333,93.77,22.72,2.4552,10.1783
CNFL,2025,7,23.820000000000004,1.1,80.31666666666666,88.03000000000002,29.06,19.61,8.196666666666667,0.9,24.209999999999997,12.44,4.557066666666667,93.77,22.69,2.3283666666666667,10.1325
CNFL,2025,8,23.709999999999997,0.9700000000000001,82.62666666666667,88.2,28.78,19.16,6.576666666666667,0.89,24.2,5.21,4.653866666666667,93.78000000000002,22.600000000000005,2.3912666666666667,10.124666666666666
CNFL,2025,9,23.47,0.93,87.61333333333333,90.96,28.86,19.45,7.37,0.91,23.91,12.53,4.469866666666667,93.76,22.63,2.2840666666666665,10.105933333333335
CNFL,2025,10,22.850000000000005,1.08,87.25666666666666,92.89,27.59,19.76,7.2,0.98,23.25,15.29,4.312333333333333,93.71,22.22,2.2794000000000003,10.0727
CNFL,2025,11,23.01,1.05,75.25666666666666,89.82,28.37,16.9,6.3500000000000005,0.94,23.37,5.15,4.031333333333333,93.69,22.070000000000004,1.869233333333333,10.0179
CNFL,2025,12,22.52,1.34,-999.0,86.79,27.7,17.8,-999.0,0.85,22.88,2.55,-999.0,93.71,21.29,-999.0,-999.0
COOPESANTOS,2020,1,21.29,1.25,55.03,85.45,25.88,17.9,5.22,0.9,21.52,5.02,4.90165,90.12,19.9,1.7636500000000002,9.17325
COOPESANTOS,2020,2,21.43,1.5,40.205,81.26,26.8,16.45,4.49,0.81,21.68,1.95,6.00675,90.12,19.62,1.7626,9.10045
COOPESANTOS,2020,3,22.08,1.37,30.15,72.04,28.85,16.74,4.97,0.66,22.29,0.85,6.65615,90.17,19.14,1.7346,8.968399999999999
COOPESANTOS,2020,4,22.38,0.83,67.6,79.38,30.29,16.5,5.1,0.68,22.67,8.46,5.44065,90.14,20.23,2.3366,9.3856
COOPESANTOS,2020,5,22.39,0.85,85.995,86.53,28.04,18.83,7.465,0.76,22.73,8.48,4.4201999999999995,90.1,21.08,2.3470500000000003,9.4595
COOPESANTOS,2020,6,21.64,0.87,89.975,89.52,26.81,17.83,7.715,0.93,22.05,14.51,4.37735,90.11,20.62,2.46045,9.33995
COOPESANTOS,2020,7,21.18,0.8,82.185,87.53,26.74,17.01,6.45,0.97,21.52,9.31,4.6439,90.08,19.98,2.4894,9.299050000000001
COOPESANTOS,2020,8,21.45,0.9,83.93,89.04,27.39,16.86,7.68,0.97,21.84,10.96,4.49385,90.08,20.37,2.4114,9.336500000000001
COOPESANTOS,2020,9,21.2,0.91,82.81,89.47,26.04,17.29,6.605,0.98,21.55,11.76,4.8894,90.07,20.16,2.36355,9.32855
COOPESANTOS,2020,10,21.18,1.1,85.155,91.05,26.28,18.48,7.115,0.99,21.57,12.37,4.356450000000001,90.01,20.32,2.22265,9.3047
COOPESANTOS,2020,11,20.69,1.09,81.005,92.06,25.64,17.59,6.585,0.99,21.16,13.67,3.9576,90.03,19.92,1.94685,9.2387
COOPESANTOS,2020,12,20.55,0.96,59.53,86.32,24.88,16.12,5.23,0.96,20.74,11.02,4.6453,90.07,19.25,1.6193,9.0626
COOPESANTOS,2021,1,20.43,1.1,52.88,83.28,25.01,15.05,4.5,0.93,20.6,2.89,5.03835,90.03,18.85,1.80375,8.95105
COOPESANTOS,2021,2,21.15,1.15,52.925,81.37,26.33,16.16,4.455,0.77,21.44,1.41,5.56035,90.06,19.34,1.88545,9.1354
COOPESANTOS,2021,3,21.47,1.27,49.3,75.57,27.56,14.95,5.02,0.69,21.66,5.19,6.01465,90.08,18.96,1.8998,9.0511
COOPESANTOS,2021,4,21.74,1.0,82.13499999999999,84.57,27.74,16.06,6.959999999999999,0.78,22.13,11.04,5.034800000000001,90.03,20.22,2.3219,9.42155
COOPESANTOS,2021,5,21.72,0.85,84.08000000000001,87.93,27.1,17.3,7.390000000000001,0.9,22.08,9.83,4.56945,90.11,20.56,2.3695500000000003,9.4393
COOPESANTOS,2021,6,21.48,0.8,82.67,88.85,26.27,16.98,6.08,0.94,21.94,9.75,4.818849999999999,90.15,20.39,2.39005,9.303149999999999
COOPESANTOS,2021,7,21.62,0.75,83.08500000000001,88.11,26.73,18.61,7.63,0.96,21.96,13.25,4.43835,90.14,20.48,2.2914000000000003,9.32955
COOPESANTOS,2021,8,21.06,0.8,90.685,90.8,25.8,17.86,7.305,0.99,21.53,13.87,4.526400000000001,90.14,20.16,2.583,9.33275
COOPESANTOS,2021,9,21.27,0.77,84.42,89.11,26.14,18.65,6.585,0.99,21.63,11.6,4.7075,90.12,20.22,2.29275,9.317799999999998
COOPESANTOS,2021,10,21.25,0.82,81.28999999999999,90.73,26.12,18.24,5.805,0.98,21.63,10.84,4.44015,90.07,20.33,2.27795,9.3228
COOPESANTOS,2021,11,20.7,0.74,72.185,86.2,25.6,16.92,5.695,0.95,20.9,6.33,4.3045,90.09,19.37,1.875,9.213750000000001
COOPESANTOS,2021,12,20.9,0.78,59.41,85.65,25.31,17.55,5.155,0.91,21.01,4.01,4.5516000000000005,90.06,19.55,1.75605,9.1326
COOPESANTOS,2022,1,20.42,1.16,46.855000000000004,80.1,25.44,16.36,4.02,0.78,20.59,0.95,5.498049999999999,90.12,18.51,1.6661000000000001,8.9651
COOPESANTOS,2022,2,20.97,1.36,41.16,72.45,27.53,14.79,4.53,0.66,21.07,1.36,5.964499999999999,90.09,18.1,1.6787999999999998,8.917300000000001
COOPESANTOS,2022,3,21.9,1.04,51.5,75.01,28.52,16.06,4.65,0.66,22.11,5.43,6.1741,90.08,19.28,2.01925,9.1784
COOPESANTOS,2022,4,21.96,0.86,81.82499999999999,83.35,28.13,18.56,5.91,0.71,22.35,8.29,5.09365,90.01,20.28,2.367,9.7387
COOPESANTOS,2022,5,21.72,0.86,86.795,90.26,26.78,18.53,8.035,0.84,22.21,9.19,4.44525,90.07,20.76,2.2757,9.776499999999999
COOPESANTOS,2022,6,20.69,1.08,90.66499999999999,91.85,25.89,17.56,8.19,0.94,21.23,13.63,4.343999999999999,90.09,19.91,2.35405,9.675149999999999
COOPESANTOS,2022,7,21.3,0.81,85.59,89.48,26.1,17.34,7.1850000000000005,0.98,21.63,9.48,4.3698,90.1,20.29,2.3485,9.70815
COOPESANTOS,2022,8,21.21,0.83,85.97,88.76,26.3,17.44,7.1850000000000005,0.97,21.6,7.88,4.7218,90.09,20.11,2.4045500000000004,9.68975
COOPESANTOS,2022,9,21.2,1.02,86.57499999999999,90.85,26.87,18.42,6.975,0.98,21.69,11.25,4.65735,90.08,20.31,2.35635,9.67895
COOPESANTOS,2022,10,20.99,0.91,82.62,91.6,25.89,17.87,6.4350000000000005,0.99,21.39,11.4,4.2029,90.08,20.17,2.17425,9.6738
COOPESANTOS,2022,11,20.69,0.95,83.44,91.36,25.92,17.18,7.835,0.98,21.01,9.45,3.69995,90.04,19.86,1.9309500000000002,9.6798
COOPESANTOS,2022,12,20.65,0.93,54.905,83.98,25.04,16.59,4.695,0.93,20.68,3.32,4.6631,90.07,19.13,1.6319,9.411
COOPESANTOS,2023,1,20.56,1.15,49.785,82.85,25.39,15.58,4.84,0.82,20.73,2.93,5.0946,90.13,18.94,1.6481,9.3488
COOPESANTOS,2023,2,21.26,1.73,33.16,75.99,27.36,15.01,5.26,0.71,21.46,2.45,5.889799999999999,90.08,18.85,1.61265,9.25275
COOPESANTOS,2023,3,21.38,1.1,58.595,80.39,28.39,16.43,6.04,0.69,21.75,4.9,5.4979,90.11,19.39,1.9468999999999999,9.513349999999999
COOPESANTOS,2023,4,22.3,1.03,64.695,78.95,28.72,17.57,4.86,0.68,22.62,4.09,5.71245,90.04,20.13,2.25525,9.66915
COOPESANTOS,2023,5,22.86,1.04,70.69,82.84,29.2,18.71,5.805,0.71,23.2,7.73,5.42415,90.05,21.14,2.1582,9.798
COOPESANTOS,2023,6,22.34,0.86,85.39500000000001,88.12,27.67,18.57,6.595,0.86,22.74,9.6,4.91475,90.05,21.18,2.4181,9.818999999999999
COOPESANTOS,2023,7,22.23,1.0,85.87,87.1,27.96,18.17,7.390000000000001,0.94,22.54,12.14,4.6342,90.09,20.98,2.472,9.7932
COOPESANTOS,2023,8,22.34,0.89,84.65,87.12,27.44,18.85,7.155,0.97,22.71,9.17,4.5809999999999995,90.06,21.09,2.36985,9.813600000000001
COOPESANTOS,2023,9,22.4,0.78,80.285,85.04,27.37,18.41,6.130000000000001,0.97,22.66,8.67,4.8351500000000005,90.04,20.92,2.2901,9.7939
COOPESANTOS,2023,10,21.81,1.03,88.89,92.46,26.63,18.59,6.9399999999999995,0.99,22.36,14.09,4.3345,90.03,21.08,2.2962,9.819949999999999
COOPESANTOS,2023,11,21.77,0.91,76.89,90.91,26.42,18.49,5.93,0.99,22.13,9.78,4.13675,89.96,20.91,1.8992499999999999,9.8076
COOPESANTOS,2023,12,21.92,1.06,55.845,85.7,26.68,17.46,5.505,0.92,22.08,4.1,4.720700000000001,90.02,20.56,1.59395,9.6463
COOPESANTOS,2024,1,21.97,1.17,38.97,82.08,26.96,17.53,5.08,0.8,22.16,0.93,5.36725,90.1,20.25,1.52675,9.52045
COOPESANTOS,2024,2,22.12,1.3,42.255,78.08,29.02,15.97,5.355,0.69,22.42,3.45,5.75195,90.11,19.88,1.65575,9.4795
COOPESANTOS,2024,3,23.22,1.03,51.16,76.49,30.54,15.44,5.225,0.66,23.45,2.84,5.8608,90.08,20.72,2.1025,9.65505
COOPESANTOS,2024,4,22.79,1.12,69.33,78.99,29.4,16.75,5.13,0.68,23.05,7.52,5.45625,90.08,20.6,2.20305,9.7276
COOPESANTOS,2024,5,22.96,0.87,77.51,87.97,28.64,19.64,6.1850000000000005,0.76,23.32,13.76,4.9139,90.02,21.75,2.3568,9.9396
COOPESANTOS,2024,6,22.07,1.04,90.38499999999999,92.0,26.9,18.77,7.485,0.96,22.56,24.29,4.5056,90.09,21.31,2.4373500000000003,9.8562
COOPESANTOS,2024,7,22.05,0.87,90.265,90.6,26.61,18.12,7.32,1.0,22.36,17.56,4.4056999999999995,90.09,21.14,2.4907500000000002,9.8478
COOPESANTOS,2024,8,21.99,0.8,85.58500000000001,88.49,27.17,18.97,6.295,0.98,22.3,8.39,4.578749999999999,90.16,20.86,2.48135,9.779399999999999
COOPESANTOS,2024,9,22.05,0.92,88.43,90.12,27.01,18.93,8.1,0.98,22.5,12.13,4.19065,90.02,21.08,2.3449,9.8296
COOPESANTOS,2024,10,21.64,0.99,84.39500000000001,91.42,26.48,18.5,6.045,0.99,22.06,13.6,4.45465,90.07,20.82,2.2186500000000002,9.785900000000002
COOPESANTOS,2024,11,20.94,1.02,87.845,93.19,25.33,17.98,9.075,1.0,21.46,21.93,3.41685,90.03,20.29,1.8553000000000002,9.7776
COOPESANTOS,2024,12,21.07,1.0,70.145,87.58,25.79,17.09,6.715,0.97,21.2,7.86,3.9425,90.07,19.89,1.686,9.6282
COOPESANTOS,2025,1,20.97,0.99,59.595,84.88,25.23,16.9,5.015,0.92,21.12,3.64,4.76565,90.13,19.55,1.8015500000000002,9.477
COOPESANTOS,2025,2,21.27,1.12,63.540000000000006,81.77,26.57,17.43,5.04,0.82,21.49,2.15,5.182650000000001,90.08,19.51,2.0484999999999998,9.5251
COOPESANTOS,2025,3,22.1,1.06,61.125,79.12,28.61,16.83,4.71,0.72,22.42,3.42,5.6614,90.12,19.97,2.1146000000000003,9.56015
COOPESANTOS,2025,4,22.21,1.0,77.625,81.47,28.22,18.26,5.9399999999999995,0.74,22.56,9.02,5.1996,90.08,20.37,2.403,9.77795
COOPESANTOS,2025,5,22.23,0.77,82.96000000000001,90.11,27.17,18.17,7.720000000000001,0.89,22.7,16.9,4.88315,90.07,21.27,2.35125,9.8582
COOPESANTOS,2025,6,21.75,0.83,91.535,90.67,26.42,18.9,8.095,0.99,22.23,15.13,4.40445,90.12,20.85,2.50955,9.783349999999999
COOPESANTOS,2025,7,21.87,0.86,81.945,87.29,26.66,18.6,7.515,0.97,22.13,9.24,4.5612,90.14,20.64,2.38305,9.7494
COOPESANTOS,2025,8,21.75,0.8,83.23500000000001,87.17,26.52,16.81,6.87,0.95,22.09,5.7,4.5732,90.15,20.48,2.36195,9.74435
COOPESANTOS,2025,9,21.68,0.86,88.22999999999999,89.67,27.25,18.53,7.0649999999999995,0.97,22.08,11.51,4.4063,90.12,20.67,2.33385,9.744250000000001
COOPESANTOS,2025,10,21.17,1.07,88.25,91.92,25.31,18.25,7.265,0.99,21.6,12.13,4.16235,90.04,20.39,2.2879,9.7117
COOPESANTOS,2025,11,21.16,0.76,77.36,89.42,25.86,16.8,6.6,0.98,21.4,8.24,4.01145,90.06,20.15,1.894,9.66765
COOPESANTOS,2025,12,20.78,0.93,-999.0,85.44,25.14,17.67,-999.0,0.95,20.92,4.76,-999.0,90.06,19.4,-999.0,-999.0
COOPELESCA,2020,1,24.323333333333334,2.0566666666666666,61.356666666666676,85.11666666666667,29.526666666666667,20.283333333333335,5.126666666666667,0.7000000000000001,24.679999999999996,2.2733333333333334,4.286066666666667,97.96,22.903333333333336,1.8341666666666665,9.635133333333334
COOPELESCA,2020,2,25.176666666666666,2.233333333333333,51.080000000000005,79.17333333333333,32.56666666666667,20.496666666666666,5.21,0.5966666666666667,25.53,1.4100000000000001,5.005933333333334,97.95333333333333,23.02,1.9219333333333335,9.655199999999999
COOPELESCA,2020,3,25.863333333333333,2.3333333333333335,45.25,72.32666666666667,32.903333333333336,20.94666666666667,5.233333333333333,0.5066666666666667,26.233333333333334,0.4166666666666667,5.721033333333334,98.00999999999999,22.853333333333335,1.9425999999999999,9.620466666666667
COOPELESCA,2020,4,26.313333333333333,1.8566666666666667,56.81333333333333,74.08999999999999,33.71333333333333,20.356666666666666,4.493333333333333,0.5066666666666667,26.69333333333333,4.1033333333333335,5.621266666666666,97.91666666666667,23.456666666666667,2.311,9.8703
COOPELESCA,2020,5,26.433333333333334,1.37,86.24000000000001,81.85333333333334,33.12,22.003333333333334,6.329999999999999,0.5666666666666668,26.76,7.413333333333334,4.512966666666666,97.82333333333334,24.566666666666666,2.4852666666666665,9.910066666666667
COOPELESCA,2020,6,25.153333333333336,1.3366666666666667,90.14666666666666,90.92666666666666,29.44333333333333,21.37,7.033333333333334,0.7766666666666667,25.5,12.346666666666666,4.230066666666667,97.83999999999999,24.320000000000004,2.5056,9.7826
COOPELESCA,2020,7,24.826666666666668,1.3666666666666665,82.34666666666668,90.31,29.096666666666664,19.886666666666667,6.93,0.8166666666666668,25.116666666666664,6.436666666666667,4.3437,97.84333333333332,23.939999999999998,2.4799,9.655066666666666
COOPELESCA,2020,8,25.0,1.2566666666666666,80.19666666666667,90.99000000000001,29.849999999999998,21.546666666666667,7.77,0.8066666666666666,25.316666666666666,7.6000000000000005,4.4996,97.81,24.173333333333332,2.3514666666666666,9.7096
COOPELESCA,2020,9,24.933333333333334,1.0033333333333332,79.41333333333333,89.55333333333334,29.26,20.36,4.853333333333333,0.8833333333333333,25.27,11.463333333333333,5.017666666666667,97.79,23.963333333333335,2.451166666666667,9.690199999999999
COOPELESCA,2020,10,24.75333333333333,1.0433333333333332,85.91000000000001,91.57333333333334,28.736666666666668,21.213333333333335,6.1433333333333335,0.96,25.106666666666666,17.546666666666667,4.286966666666667,97.70666666666666,23.986666666666665,2.1485333333333334,9.689433333333334
COOPELESCA,2020,11,24.42,1.2833333333333334,80.14,91.80333333333333,28.916666666666668,21.403333333333332,6.003333333333333,0.9766666666666666,24.72666666666667,27.456666666666667,3.9263333333333335,97.71999999999998,23.679999999999996,1.9382,9.6472
COOPELESCA,2020,12,23.776666666666667,1.71,60.25333333333333,90.18,27.71666666666667,19.956666666666667,5.663333333333333,0.9066666666666666,24.136666666666667,5.836666666666666,4.006566666666666,97.90333333333335,22.883333333333336,1.5546,9.484233333333334
COOPELESCA,2021,1,23.793333333333333,1.9366666666666665,61.63333333333333,87.53666666666668,27.88,19.923333333333336,4.846666666666667,0.7799999999999999,24.153333333333332,1.7133333333333332,4.345133333333334,97.87,22.636666666666667,1.8630666666666666,9.422233333333333
COOPELESCA,2021,2,24.506666666666664,1.9766666666666666,49.25,80.58666666666666,29.766666666666666,19.61,4.5600000000000005,0.6333333333333333,24.86,0.7733333333333334,5.247733333333334,97.88,22.55333333333333,1.9788,9.4687
COOPELESCA,2021,3,25.236666666666668,2.2133333333333334,53.55666666666667,74.81333333333333,32.14,19.036666666666665,4.37,0.5366666666666666,25.596666666666664,2.6566666666666667,5.799133333333334,97.92333333333333,22.53,2.0758,9.494966666666668
COOPELESCA,2021,4,25.583333333333332,1.75,76.01333333333334,81.24,32.18333333333333,21.336666666666662,6.913333333333334,0.5966666666666667,25.96666666666667,7.476666666666667,4.8509,97.79,23.633333333333336,2.2893666666666665,9.884133333333333
COOPELESCA,2021,5,25.456666666666667,1.71,76.61,85.55333333333333,31.453333333333333,21.566666666666666,7.726666666666667,0.6766666666666666,25.853333333333335,8.333333333333334,4.323799999999999,97.87333333333333,24.03333333333333,2.1572333333333336,9.914299999999999
COOPELESCA,2021,6,25.22,1.2233333333333334,80.57000000000001,89.23,31.176666666666666,21.38,5.95,0.7399999999999999,25.55666666666667,12.086666666666668,4.646733333333334,97.87666666666667,24.19333333333333,2.414433333333333,9.805666666666667
COOPELESCA,2021,7,25.176666666666666,1.4633333333333336,79.61666666666667,90.32333333333334,29.290000000000003,21.30333333333333,9.883333333333333,0.7999999999999999,25.486666666666665,8.25,4.0199,97.89,24.28333333333333,2.1035,9.7776
COOPELESCA,2021,8,24.84,1.1066666666666667,88.99666666666667,90.38,29.26,21.11,7.516666666666667,0.8433333333333334,25.143333333333334,14.693333333333333,4.3033,97.87333333333333,23.94666666666667,2.4187333333333334,9.778233333333333
COOPELESCA,2021,9,24.883333333333336,0.9899999999999999,83.65666666666667,90.72333333333331,29.69333333333333,21.439999999999998,5.723333333333334,0.93,25.133333333333336,11.04,4.665533333333333,97.85666666666667,24.026666666666667,2.3813,9.7433
COOPELESCA,2021,10,25.150000000000002,1.02,74.82666666666667,90.17,29.503333333333334,21.51,5.166666666666667,0.9333333333333332,25.433333333333337,6.806666666666666,4.541899999999999,97.79333333333334,24.243333333333336,2.1002,9.712366666666668
COOPELESCA,2021,11,24.433333333333334,1.4466666666666665,72.23,89.39333333333333,28.723333333333333,20.560000000000002,6.239999999999999,0.85,24.77333333333333,2.1133333333333333,3.8759,97.87333333333333,23.456666666666667,1.6709666666666667,9.625933333333334
COOPELESCA,2021,12,24.333333333333332,1.7733333333333334,58.64333333333334,88.56333333333333,28.373333333333335,20.583333333333332,5.41,0.7466666666666667,24.63,2.1833333333333336,4.203733333333333,97.87,23.27333333333333,1.6599666666666666,9.523466666666666
COOPELESCA,2022,1,23.986666666666668,1.99,49.76333333333333,80.74666666666667,29.55666666666666,19.62,4.673333333333333,0.6133333333333333,24.276666666666667,0.8266666666666667,4.663266666666667,97.96999999999998,22.05,1.7211333333333334,9.337133333333334
COOPELESCA,2022,2,24.843333333333334,2.2033333333333336,47.916666666666664,74.01666666666667,30.81,18.98,4.276666666666666,0.5233333333333333,25.133333333333336,0.8166666666666665,5.3127,97.95666666666666,22.066666666666666,1.9088666666666667,9.369200000000001
COOPELESCA,2022,3,25.376666666666665,2.04,53.656666666666666,76.78333333333333,32.31,20.673333333333332,4.996666666666666,0.5466666666666667,25.77,5.413333333333334,5.4152,97.90333333333335,22.903333333333332,2.0643,9.674033333333332
COOPELESCA,2022,4,25.906666666666666,1.6633333333333333,74.40666666666668,78.60666666666667,33.25,20.836666666666666,5.783333333333334,0.5633333333333334,26.326666666666668,5.53,4.930233333333333,97.77,23.61,2.2146000000000003,9.987533333333333
COOPELESCA,2022,5,25.493333333333336,1.0566666666666666,86.08,88.00999999999999,31.52666666666667,21.526666666666667,6.71,0.6699999999999999,25.883333333333336,9.25,4.513,97.79333333333334,24.326666666666668,2.306433333333333,10.064633333333333
COOPELESCA,2022,6,24.463333333333335,1.0966666666666667,91.13333333333333,91.56666666666666,29.666666666666668,20.653333333333332,8.613333333333333,0.8066666666666666,24.81,14.9,4.220833333333333,97.81666666666666,23.686666666666667,2.3489666666666666,9.918333333333333
COOPELESCA,2022,7,24.953333333333333,1.4133333333333333,84.71,91.38,28.97,21.936666666666667,9.67,0.8433333333333334,25.213333333333335,6.609999999999999,3.8186666666666667,97.84333333333332,24.156666666666666,2.1041000000000003,9.984333333333334
COOPELESCA,2022,8,24.8,1.1933333333333334,82.28333333333335,89.24,29.439999999999998,20.2,8.93,0.8099999999999999,25.083333333333332,5.286666666666666,4.241866666666667,97.83666666666666,23.793333333333333,2.1375333333333333,9.9124
COOPELESCA,2022,9,24.873333333333335,0.9966666666666667,86.89,90.12666666666667,29.316666666666666,21.626666666666665,6.6066666666666665,0.8266666666666667,25.143333333333334,9.603333333333333,4.6724000000000006,97.79,23.959999999999997,2.3236,9.909999999999998
COOPELESCA,2022,10,24.76,1.1066666666666667,75.33,90.79666666666667,29.070000000000004,21.53,6.1933333333333325,0.8766666666666666,25.046666666666667,7.533333333333334,4.281766666666667,97.80333333333333,23.91333333333333,1.9421333333333333,9.878033333333333
COOPELESCA,2022,11,24.436666666666667,1.1466666666666667,81.10666666666667,92.35666666666667,28.97,21.30666666666667,7.816666666666666,0.9033333333333333,24.733333333333334,14.326666666666668,3.4044000000000003,97.79,23.75333333333333,1.7455666666666667,9.926966666666667
COOPELESCA,2022,12,23.83666666666667,1.8333333333333333,52.73666666666667,88.83999999999999,27.959999999999997,20.12666666666667,5.293333333333333,0.8566666666666668,24.16333333333333,1.7866666666666668,4.1377999999999995,97.89666666666666,22.813333333333333,1.5294333333333334,9.5981
COOPELESCA,2023,1,23.78,1.9933333333333334,57.03333333333333,86.3,28.166666666666668,19.863333333333333,5.506666666666667,0.71,24.143333333333334,1.4333333333333336,4.171766666666667,97.99000000000001,22.49333333333333,1.6368333333333334,9.634366666666667
COOPELESCA,2023,2,24.46666666666667,2.5033333333333334,48.48,78.71666666666665,30.426666666666666,19.236666666666668,5.93,0.5866666666666668,24.80333333333333,1.6166666666666665,4.858899999999999,97.95666666666666,22.30333333333333,1.7187333333333334,9.625133333333332
COOPELESCA,2023,3,24.959999999999997,1.86,59.419999999999995,78.47,31.773333333333337,20.73,6.666666666666667,0.5499999999999999,25.333333333333332,3.5566666666666666,4.866866666666667,97.92333333333333,22.713333333333335,1.8930666666666667,9.7713
COOPELESCA,2023,4,26.41333333333333,1.8099999999999998,54.71,71.63666666666667,34.663333333333334,20.666666666666668,4.866666666666666,0.5166666666666666,26.74666666666667,1.8733333333333333,5.561466666666667,97.80333333333333,23.22666666666667,2.1483000000000003,9.801633333333333
COOPELESCA,2023,5,27.25333333333333,1.5599999999999998,68.40333333333334,76.10000000000001,34.443333333333335,22.323333333333334,4.956666666666667,0.5299999999999999,27.55666666666667,6.743333333333333,5.1809,97.75,24.650000000000002,2.394633333333333,10.094700000000001
COOPELESCA,2023,6,26.123333333333335,1.14,84.42333333333333,88.14999999999999,31.59,22.286666666666665,7.390000000000001,0.68,26.400000000000002,8.03,4.663666666666667,97.74333333333334,24.986666666666668,2.3601666666666667,10.111933333333333
COOPELESCA,2023,7,25.846666666666664,1.3800000000000001,86.12,89.8,30.116666666666664,22.176666666666666,9.156666666666666,0.7200000000000001,26.066666666666666,5.8566666666666665,3.9343,97.82333333333332,24.89,2.1919,10.106733333333333
COOPELESCA,2023,8,26.043333333333333,1.22,81.26333333333334,87.56333333333333,31.399999999999995,22.106666666666666,8.513333333333334,0.7133333333333333,26.290000000000003,5.6000000000000005,4.303366666666666,97.77,24.846666666666664,2.220333333333333,10.096566666666666
COOPELESCA,2023,9,26.23,1.2066666666666668,79.98666666666666,86.54666666666667,31.459999999999997,21.05333333333333,6.22,0.6966666666666667,26.47,5.053333333333334,4.5609,97.74,24.916666666666668,2.1768,10.068633333333333
COOPELESCA,2023,10,25.679999999999996,0.9433333333333334,86.77999999999999,90.88666666666666,29.983333333333334,22.290000000000003,5.789999999999999,0.7766666666666667,25.923333333333332,11.799999999999999,4.321466666666667,97.69666666666667,24.843333333333334,2.1627,10.068
COOPELESCA,2023,11,25.223333333333333,1.1866666666666665,80.40333333333332,92.41333333333334,29.66333333333333,21.30333333333333,6.7299999999999995,0.8566666666666668,25.46666666666667,7.653333333333333,3.631133333333333,97.68,24.540000000000003,1.8376000000000001,10.0564
COOPELESCA,2023,12,24.993333333333336,1.7333333333333334,60.076666666666675,88.89666666666666,29.183333333333334,20.263333333333335,5.623333333333334,0.7666666666666666,25.333333333333332,2.8766666666666665,4.0628,97.80666666666667,23.963333333333335,1.6259,9.863733333333334
COOPELESCA,2024,1,25.316666666666663,1.9766666666666666,50.25,83.23666666666666,30.606666666666666,21.043333333333333,6.28,0.6333333333333334,25.616666666666664,0.6,4.2123,97.89666666666666,23.666666666666668,1.5878666666666668,9.873333333333333
COOPELESCA,2024,2,25.186666666666667,2.0233333333333334,51.830000000000005,76.49,33.39333333333334,18.503333333333334,5.926666666666667,0.5466666666666667,25.52,2.203333333333333,5.013933333333333,97.92333333333333,22.703333333333333,1.8554000000000002,9.781266666666667
COOPELESCA,2024,3,27.383333333333336,1.8,44.07,70.34666666666666,36.32333333333333,20.723333333333333,5.636666666666667,0.5033333333333333,27.679999999999996,1.0033333333333332,5.5828999999999995,97.82333333333334,24.03,1.9989333333333335,9.9938
COOPELESCA,2024,4,27.456666666666667,1.88,60.550000000000004,72.42,35.57666666666667,21.77333333333333,5.366666666666666,0.49666666666666665,27.76,3.1633333333333336,5.2965333333333335,97.82666666666667,24.343333333333334,2.0878333333333337,10.068466666666666
COOPELESCA,2024,5,27.49,1.2433333333333334,69.85666666666667,79.92,35.413333333333334,22.19666666666667,5.776666666666666,0.58,27.826666666666668,29.150000000000002,4.890066666666667,97.7,25.313333333333333,2.3062666666666667,10.256733333333333
COOPELESCA,2024,6,25.84,0.9766666666666666,89.58333333333333,91.56333333333333,30.349999999999998,22.846666666666668,6.6066666666666665,0.9,26.116666666666664,22.820000000000004,4.5596000000000005,97.75999999999999,25.070000000000004,2.5412,10.115633333333333
COOPELESCA,2024,7,25.560000000000002,1.29,91.93666666666667,92.92666666666666,29.153333333333332,21.633333333333336,11.81,0.98,25.810000000000002,15.01,3.5016666666666665,97.80333333333333,24.926666666666666,2.1301,10.109266666666667
COOPELESCA,2024,8,25.743333333333336,1.1066666666666667,85.11,90.99333333333334,29.7,21.92,6.976666666666667,0.96,25.94666666666667,5.82,4.249266666666666,97.87333333333333,24.916666666666668,2.3621666666666665,10.053266666666667
COOPELESCA,2024,9,25.643333333333334,0.9933333333333333,87.51333333333334,90.89666666666666,29.80666666666667,22.063333333333333,7.396666666666666,0.9500000000000001,25.939999999999998,12.563333333333333,4.3045,97.69333333333333,24.810000000000002,2.3518000000000003,10.0632
COOPELESCA,2024,10,25.376666666666665,1.1866666666666668,82.17333333333333,91.60333333333334,29.543333333333333,22.060000000000002,6.736666666666667,0.9633333333333334,25.686666666666667,9.496666666666668,4.194500000000001,97.77666666666669,24.606666666666666,2.0138,10.038933333333333
COOPELESCA,2024,11,24.543333333333333,1.0666666666666667,82.88,93.0,28.626666666666665,20.5,7.260000000000001,0.9899999999999999,24.939999999999998,32.07,3.6474333333333333,97.73,23.919999999999998,1.7828666666666664,9.980933333333333
COOPELESCA,2024,12,24.546666666666667,1.6633333333333333,74.86666666666666,91.21,28.44666666666667,20.816666666666666,8.476666666666667,0.9133333333333334,24.900000000000002,5.046666666666667,3.3081,97.87333333333333,23.75,1.5331333333333335,9.891066666666667
COOPELESCA,2025,1,24.393333333333334,1.9000000000000001,69.92,88.87,28.34,20.253333333333334,6.633333333333333,0.8166666666666668,24.75333333333333,2.23,3.803933333333333,97.96,23.376666666666665,1.7416,9.821266666666666
COOPELESCA,2025,2,24.80333333333333,1.99,60.99,83.83,30.23,21.003333333333334,4.79,0.68,25.146666666666665,1.1300000000000001,4.757000000000001,97.90000000000002,23.236666666666668,1.9693666666666667,9.722233333333334
COOPELESCA,2025,3,26.01,1.9166666666666667,50.31666666666666,75.01333333333334,33.016666666666666,21.30666666666667,5.083333333333333,0.5466666666666667,26.376666666666665,1.1733333333333331,5.452233333333333,97.91000000000001,23.320000000000004,1.9039333333333335,9.735733333333334
COOPELESCA,2025,4,26.096666666666664,1.9566666666666668,69.86999999999999,78.02666666666666,33.02333333333333,21.326666666666668,5.91,0.5933333333333334,26.47,7.88,4.851066666666667,97.85666666666667,23.77333333333333,2.109166666666667,10.0057
COOPELESCA,2025,5,26.25333333333333,1.46,83.52333333333333,87.35333333333334,31.926666666666666,22.849999999999998,6.25,0.66,26.606666666666666,9.106666666666667,4.414166666666667,97.79333333333334,25.016666666666666,2.3915333333333333,10.1743
COOPELESCA,2025,6,25.26,1.2366666666666666,94.83333333333333,91.82666666666667,29.290000000000003,21.953333333333333,11.17,0.8133333333333334,25.55666666666667,13.673333333333332,3.620266666666667,97.84666666666668,24.52,2.205433333333333,10.113033333333334
COOPELESCA,2025,7,25.356666666666666,1.5966666666666667,82.11666666666667,90.50999999999999,29.333333333333332,22.753333333333334,11.49,0.8266666666666667,25.650000000000002,11.6,3.6590000000000003,97.90666666666668,24.483333333333334,2.0197333333333334,10.018500000000001
COOPELESCA,2025,8,25.343333333333334,1.2933333333333332,82.15333333333332,90.65333333333332,29.24,21.626666666666665,6.646666666666667,0.8366666666666666,25.623333333333335,4.683333333333334,4.3572999999999995,97.88333333333333,24.48,2.3878,9.990033333333335
COOPELESCA,2025,9,25.403333333333336,1.01,88.53666666666668,90.71999999999998,29.323333333333334,22.233333333333334,6.93,0.86,25.633333333333336,10.773333333333333,4.200966666666667,97.83,24.546666666666667,2.2506,10.0258
COOPELESCA,2025,10,24.92,0.9733333333333333,86.52333333333333,91.42999999999999,28.776666666666667,21.849999999999998,5.876666666666666,0.9566666666666667,25.209999999999997,12.906666666666666,4.238366666666667,97.74333333333334,24.143333333333334,2.2014,9.960133333333333
COOPELESCA,2025,11,24.666666666666668,1.4866666666666666,78.63333333333334,91.86,29.116666666666664,20.82,7.233333333333333,0.9266666666666667,24.953333333333333,4.22,3.5074,97.82666666666667,23.929999999999996,1.7748000000000002,9.9136
COOPELESCA,2025,12,24.203333333333333,1.6166666666666665,-999.0,89.25666666666666,27.993333333333336,21.099999999999998,-999.0,0.84,24.52333333333333,3.2433333333333336,-999.0,97.86333333333333,23.22,-999.0,-999.0
COOPEGUANACASTE,2020,1,27.89,5.27,34.98,71.325,34.305,23.314999999999998,4.94,0.56,28.545,0.335,5.2942,100.015,24.875,1.644,9.6821
COOPEGUANACASTE,2020,2,29.119999999999997,5.76,19.09,64.24000000000001,35.685,23.655,6.15,0.515,30.04,0.14500000000000002,6.2446,99.99000000000001,25.105,1.577,9.6125
COOPEGUANACASTE,2020,3,29.525,5.029999999999999,14.48,60.215,36.790000000000006,23.759999999999998,5.2,0.505,30.494999999999997,0.07,6.9108,100.045,24.9,1.6286,9.5647
COOPEGUANACASTE,2020,4,29.58,3.315,44.75,65.785,37.150000000000006,24.015,3.81,0.525,30.735,2.0999999999999996,6.2256,99.995,25.689999999999998,2.2051,9.941
COOPEGUANACASTE,2020,5,28.825,2.88,82.2,75.11,35.8,24.445,5.37,0.585,29.645,6.9350000000000005,5.027,99.965,26.215,2.5894,10.1654
COOPEGUANACASTE,2020,6,27.11,2.85,84.64,85.87,30.975,24.265,5.64,0.895,27.47,10.870000000000001,4.8974,100.0,25.8,2.5366,10.0272
COOPEGUANACASTE,2020,7,27.02,2.64,75.29,84.075,31.15,23.785,5.0,0.9199999999999999,27.31,7.03,5.147,99.98,25.525,2.6016,9.9348
COOPEGUANACASTE,2020,8,26.825,3.24,80.0,86.47,31.310000000000002,24.035,7.74,0.895,27.134999999999998,8.219999999999999,4.6774,99.97,25.575,2.2841,10.0205
COOPEGUANACASTE,2020,9,26.689999999999998,2.2199999999999998,79.36,85.945,30.25,24.244999999999997,5.76,0.975,27.09,15.399999999999999,5.25,99.975,25.39,2.3112,9.996
COOPEGUANACASTE,2020,10,26.42,2.725,83.44,87.555,30.375,24.189999999999998,6.15,0.985,26.765,19.435,4.4928,99.91,25.29,2.1485,9.9739
COOPEGUANACASTE,2020,11,25.939999999999998,3.3600000000000003,74.34,88.705,29.7,23.34,6.15,0.985,26.19,36.905,3.9324,99.945,24.925,1.7914,9.9206
COOPEGUANACASTE,2020,12,25.75,4.215,38.64,84.82,30.060000000000002,21.825,4.5,0.855,25.925,1.745,5.1163,100.005,24.335,1.4198,9.5592
COOPEGUANACASTE,2021,1,26.67,4.68,35.68,76.67,32.540000000000006,22.185000000000002,4.62,0.64,26.9,0.19,5.2735,99.945,24.32,1.5504,9.5222
COOPEGUANACASTE,2021,2,28.485,5.0,19.66,65.035,35.025000000000006,22.385,5.32,0.53,29.28,0.05,6.2657,99.94,24.625,1.5377,9.4872
COOPEGUANACASTE,2021,3,29.095,5.22,28.08,61.135000000000005,35.855000000000004,22.759999999999998,4.86,0.515,30.11,0.33999999999999997,6.6101,99.97,24.625,1.6574,9.5362
COOPEGUANACASTE,2021,4,28.54,3.665,63.77,71.455,36.085,24.189999999999998,4.8,0.585,29.35,4.96,5.9165,99.89,25.475,2.4254,9.9802
COOPEGUANACASTE,2021,5,27.835,3.035,67.41,78.595,32.925,23.555,3.93,0.7050000000000001,28.305,5.765000000000001,5.61,99.99000000000001,25.71,2.4847,10.1047
COOPEGUANACASTE,2021,6,27.31,2.38,76.86,82.36,33.335,24.335,5.54,0.8,27.845,14.545,5.1439,100.03999999999999,25.615000000000002,2.3203,10.0368
COOPEGUANACASTE,2021,7,27.314999999999998,2.8099999999999996,73.96,83.41,31.509999999999998,24.195,5.71,0.905,27.585,6.835,5.1451,100.015,25.75,2.3388,10.0382
COOPEGUANACASTE,2021,8,26.814999999999998,2.3600000000000003,83.88,85.14,31.095,23.98,6.74,0.935,27.28,17.66,4.8593,100.03999999999999,25.43,2.441,10.0274
COOPEGUANACASTE,2021,9,26.740000000000002,2.1799999999999997,79.08,85.17500000000001,30.65,23.86,5.89,0.985,27.17,15.515,5.1533,100.03999999999999,25.365000000000002,2.262,9.989
COOPEGUANACASTE,2021,10,27.035,2.125,73.02,85.35,30.655,24.37,4.48,0.97,27.354999999999997,6.220000000000001,4.9406,99.97,25.67,2.0102,9.9775
COOPEGUANACASTE,2021,11,26.375,3.365,57.35,84.42,30.22,23.255,4.07,0.855,26.42,0.77,4.8427,100.0,24.92,1.6927,9.8136
COOPEGUANACASTE,2021,12,27.195,3.9399999999999995,33.39,76.89,32.995000000000005,22.945,4.68,0.63,27.46,0.335,5.0858,99.96000000000001,24.869999999999997,1.4844,9.6871
COOPEGUANACASTE,2022,1,27.79,4.875,20.52,65.78,34.275000000000006,22.77,5.19,0.53,28.495,0.065,5.6654,100.03999999999999,24.02,1.3589,9.414
COOPEGUANACASTE,2022,2,28.28,4.915,20.58,61.58,34.93,22.035,4.53,0.505,28.955,0.05,6.3343,100.005,23.895000000000003,1.5343,9.3583
COOPEGUANACASTE,2022,3,28.725,4.41,27.3,65.215,35.504999999999995,23.685000000000002,4.79,0.5349999999999999,29.605,2.12,6.4814,99.965,24.825,1.7626,9.6708
COOPEGUANACASTE,2022,4,29.175,3.37,61.16,68.39500000000001,36.225,24.615000000000002,4.49,0.53,30.39,2.495,5.8325,99.875,25.66,2.2265,10.1611
COOPEGUANACASTE,2022,5,27.630000000000003,2.195,79.65,81.525,32.825,24.86,7.13,0.7050000000000001,28.395,8.75,5.0594,99.97,25.814999999999998,2.3009,10.2478
COOPEGUANACASTE,2022,6,26.115000000000002,2.66,91.1,86.39500000000001,29.985,23.564999999999998,8.08,0.915,26.71,11.205,4.499,100.03999999999999,24.87,2.37,10.0877
COOPEGUANACASTE,2022,7,26.875,2.625,79.52,85.485,30.950000000000003,23.955,7.09,0.9299999999999999,27.075,5.36,4.7465,99.99000000000001,25.53,2.316,10.1438
COOPEGUANACASTE,2022,8,26.765,2.56,78.9,84.395,31.13,23.52,7.06,0.8600000000000001,27.18,4.65,4.9049,99.99000000000001,25.305,2.1586,10.0918
COOPEGUANACASTE,2022,9,26.490000000000002,2.525,87.96,86.46000000000001,30.935000000000002,24.259999999999998,7.63,0.8799999999999999,27.07,8.055,4.555,100.0,25.25,2.2354,10.1318
COOPEGUANACASTE,2022,10,26.490000000000002,2.76,68.26,87.22,30.675,23.785,5.4,0.9299999999999999,26.755000000000003,6.705,4.9238,99.98,25.310000000000002,1.92,10.0438
COOPEGUANACASTE,2022,11,26.085,2.71,75.76,87.97,30.055,23.525,6.27,0.935,26.35,15.345,3.9734,99.96000000000001,24.995,1.854,10.0594
COOPEGUANACASTE,2022,12,26.049999999999997,4.255,27.11,83.00999999999999,31.025,21.89,5.24,0.8300000000000001,26.1,0.38,5.1259,99.985,24.439999999999998,1.3639,9.5892
COOPEGUANACASTE,2023,1,27.035,5.08,31.65,73.8,33.17,22.189999999999998,5.42,0.6,27.48,0.25,5.3155,100.055,24.34,1.4378,9.6391
COOPEGUANACASTE,2023,2,28.245,6.55,12.3,64.85,35.285,23.185000000000002,6.16,0.52,28.935,0.12,6.4342,99.975,24.355,1.404,9.51
COOPEGUANACASTE,2023,3,28.46,4.105,40.76,67.645,35.25,23.505,6.19,0.5349999999999999,29.44,1.87,5.9117,100.005,24.905,1.8247,9.8506
COOPEGUANACASTE,2023,4,29.89,3.95,46.76,62.665,36.595,24.36,3.77,0.515,31.240000000000002,0.8,6.2954,99.88,25.6,2.221,9.984
COOPEGUANACASTE,2023,5,30.08,3.26,60.59,68.87,37.155,25.505,4.76,0.55,31.07,5.73,5.6827,99.86500000000001,26.619999999999997,2.3359,10.29
COOPEGUANACASTE,2023,6,28.17,2.62,80.09,81.72999999999999,32.61,25.56,6.51,0.755,28.58,5.54,5.2282,99.91,26.415,2.2889,10.2773
COOPEGUANACASTE,2023,7,28.515,3.0949999999999998,78.65,79.61500000000001,33.22,24.89,5.15,0.73,28.8,3.17,5.178,99.94,26.5,2.4067,10.2871
COOPEGUANACASTE,2023,8,28.6,2.785,77.84,78.375,34.22,23.71,6.6,0.6699999999999999,29.119999999999997,4.17,4.9296,99.92,26.43,2.3508,10.3099
COOPEGUANACASTE,2023,9,29.130000000000003,2.325,75.83,75.64500000000001,34.655,24.79,5.08,0.665,29.665,4.984999999999999,5.4379,99.875,26.615000000000002,2.1595,10.3296
COOPEGUANACASTE,2023,10,27.36,2.84,85.21,85.79,31.82,24.869999999999997,6.35,0.825,27.895,11.745000000000001,4.5876,99.905,26.045,2.1571,10.2749
COOPEGUANACASTE,2023,11,27.345,2.7199999999999998,71.35,85.21000000000001,31.42,24.48,5.06,0.94,27.560000000000002,5.545,4.4986,99.83500000000001,25.965,1.8413,10.182
COOPEGUANACASTE,2023,12,27.47,4.405,35.97,80.595,32.455,22.134999999999998,5.54,0.735,27.625,0.71,4.9886,99.89,25.575000000000003,1.3747,9.8844
COOPEGUANACASTE,2024,1,28.755000000000003,4.945,20.74,70.9,35.004999999999995,23.43,6.54,0.565,29.4,0.08499999999999999,5.4938,99.955,25.659999999999997,1.3774,9.8609
COOPEGUANACASTE,2024,2,28.955,5.165,20.6,64.505,36.665,22.36,6.1,0.515,30.064999999999998,0.32499999999999996,6.3163,99.99000000000001,24.96,1.5341,9.7085
COOPEGUANACASTE,2024,3,30.47,3.88,22.78,62.315,37.53,24.32,5.14,0.51,31.67,0.175,6.5165,99.91,26.095,1.8667,10.0162
COOPEGUANACASTE,2024,4,30.265,3.835,50.75,64.125,37.35,24.485,3.52,0.515,31.34,1.27,6.2762,99.91499999999999,26.145000000000003,2.2634,10.1659
COOPEGUANACASTE,2024,5,29.32,2.465,66.75,77.33500000000001,36.2,25.85,5.53,0.6100000000000001,30.33,29.3,5.3846,99.86,26.96,2.3198,10.4513
COOPEGUANACASTE,2024,6,27.259999999999998,2.725,88.19,87.9,31.835,24.945,8.99,0.955,27.75,20.665,4.4738,99.975,26.16,2.2606,10.3027
COOPEGUANACASTE,2024,7,27.53,2.6500000000000004,85.47,86.725,31.195,24.195,7.59,0.995,27.705,12.305,4.6262,99.94,26.3,2.3846,10.2662
COOPEGUANACASTE,2024,8,27.729999999999997,2.0700000000000003,79.94,84.39,31.71,24.92,6.1,0.965,27.975,5.515000000000001,4.8895,100.025,26.265,2.3484,10.2406
COOPEGUANACASTE,2024,9,27.244999999999997,2.5,87.99,86.675,31.695,24.395,8.48,0.965,27.71,12.575,4.3116,99.9,26.015,2.2526,10.2713
COOPEGUANACASTE,2024,10,27.095,2.91,77.1,86.53,30.805,24.3,5.73,0.97,27.395,6.615,4.7544,99.96000000000001,25.855,1.9834,10.1873
COOPEGUANACASTE,2024,11,25.905,3.52,79.97,89.765,29.84,22.595,7.94,0.99,26.29,38.480000000000004,3.5755,99.93,24.990000000000002,1.765,10.1549
COOPEGUANACASTE,2024,12,26.439999999999998,4.154999999999999,61.73,85.63499999999999,30.47,22.755000000000003,5.6,0.85,26.509999999999998,2.315,4.3238,99.97999999999999,25.105,1.6286,9.971
COOPEGUANACASTE,2025,1,27.009999999999998,4.6899999999999995,54.68,79.535,33.09,23.200000000000003,4.92,0.6799999999999999,27.205,0.4,4.7326,100.045,24.985,1.7292,9.8736
COOPEGUANACASTE,2025,2,28.41,4.6,42.69,68.905,35.31,23.765,4.07,0.5449999999999999,29.03,0.18,5.7103,99.965,25.055,1.8475,9.8335
COOPEGUANACASTE,2025,3,29.585,4.235,34.34,63.11,36.394999999999996,24.405,4.04,0.52,30.665,0.99,6.431,99.975,25.36,1.9274,9.8587
COOPEGUANACASTE,2025,4,29.65,4.21,50.62,66.285,36.010000000000005,24.415,4.85,0.5549999999999999,30.494999999999997,3.7,6.1121,99.925,25.915,2.1658,10.1422
COOPEGUANACASTE,2025,5,28.455,2.7699999999999996,76.61,80.3,33.925,25.265,5.34,0.655,29.130000000000003,7.025,5.2114,99.92500000000001,26.505000000000003,2.4002,10.3567
COOPEGUANACASTE,2025,6,27.265,2.4000000000000004,88.99,84.875,31.425,24.585,8.01,0.8700000000000001,27.785,13.21,4.6416,100.005,25.85,2.3849,10.2602
COOPEGUANACASTE,2025,7,27.67,3.13,74.21,82.89,31.869999999999997,24.52,5.81,0.8700000000000001,27.83,15.075,5.1206,100.015,26.045,2.4228,10.171
COOPEGUANACASTE,2025,8,27.509999999999998,2.46,75.5,82.95,31.485,24.405,4.91,0.8500000000000001,27.695,4.365,5.2147,100.025,25.89,2.4576,10.1532
COOPEGUANACASTE,2025,9,27.134999999999998,2.14,85.95,85.38,31.54,24.509999999999998,6.2,0.875,27.57,10.96,4.7798,100.00999999999999,25.775,2.2898,10.2158
COOPEGUANACASTE,2025,10,26.41,2.795,83.32,87.59,30.119999999999997,24.2,7.31,0.98,26.880000000000003,14.275,4.5204,99.95500000000001,25.28,2.0796,10.135
COOPEGUANACASTE,2025,11,26.615000000000002,3.2350000000000003,64.69,86.065,30.439999999999998,23.425,4.77,0.905,26.655,1.76,4.6068,99.94999999999999,25.325,1.8341,9.9914
COOPEGUANACASTE,2025,12,26.61,3.77,-999.0,81.17,31.755000000000003,22.7,-999.0,0.71,26.79,0.98,-999.0,99.97,24.775,-999.0,-999.0
COOPEALFARORUIZ,2020,1,22.91,1.74,65.65,84.03,28.81,18.68,5.69,0.7,23.39,2.23,4.1256,93.77,21.4,1.7861,9.5674
COOPEALFARORUIZ,2020,2,23.46,1.96,53.39,77.96,30.05,17.59,5.41,0.59,24.09,0.57,5.0856,93.76,21.26,1.9068,9.5575
COOPEALFARORUIZ,2020,3,24.72,1.75,46.19,65.86,32.62,18.39,5.06,0.45,26.27,0.38,5.9376,93.82,20.95,1.981,9.5006
COOPEALFARORUIZ,2020,4,24.89,1.21,63.4,73.88,33.65,18.0,5.32,0.47,26.15,5.86,5.34,93.78,22.07,2.2474,9.8095
COOPEALFARORUIZ,2020,5,24.48,1.05,87.43,84.14,31.25,19.69,6.6,0.55,25.16,8.31,4.4729,93.75,22.9,2.483,9.7682
COOPEALFARORUIZ,2020,6,23.46,1.09,90.72,89.86,29.15,19.31,6.76,0.79,23.94,13.57,4.2434,93.75,22.51,2.5169,9.6382
COOPEALFARORUIZ,2020,7,23.19,1.01,82.23,88.1,28.83,17.66,6.52,0.85,23.69,8.82,4.3997,93.72,22.07,2.5039,9.523
COOPEALFARORUIZ,2020,8,23.3,1.08,80.48,90.21,29.02,17.79,7.63,0.88,23.75,10.33,4.6193,93.72,22.39,2.3914,9.5633
COOPEALFARORUIZ,2020,9,23.1,0.9,80.07,90.54,28.4,18.9,4.96,0.93,23.55,14.76,5.1043,93.72,22.22,2.489,9.5518
COOPEALFARORUIZ,2020,10,22.8,1.14,87.0,92.09,28.79,19.25,6.27,0.97,23.23,15.82,4.266,93.68,22.08,2.1607,9.5563
COOPEALFARORUIZ,2020,11,22.42,1.26,80.62,92.62,27.57,19.55,5.87,0.98,22.91,25.58,3.9869,93.71,21.76,1.9906,9.5124
COOPEALFARORUIZ,2020,12,22.18,1.38,64.09,87.63,27.46,16.96,6.05,0.91,22.6,6.78,3.9576,93.72,21.02,1.5238,9.36
COOPEALFARORUIZ,2021,1,22.26,1.54,62.21,84.0,28.2,17.13,4.98,0.82,22.73,1.04,4.4141,93.67,20.75,1.8785,9.2652
COOPEALFARORUIZ,2021,2,22.84,1.59,53.01,81.23,28.79,17.71,4.98,0.65,23.59,0.45,5.147,93.72,21.03,1.9171,9.3727
COOPEALFARORUIZ,2021,3,23.27,1.74,56.07,74.71,30.64,16.07,4.66,0.52,24.4,2.33,5.755,93.74,20.67,2.0834,9.4013
COOPEALFARORUIZ,2021,4,23.7,1.24,78.45,82.25,31.11,17.56,7.32,0.57,24.38,8.97,4.7501,93.68,21.92,2.2764,9.7663
COOPEALFARORUIZ,2021,5,23.6,1.06,80.24,87.17,29.28,18.65,7.89,0.72,24.08,7.89,4.1974,93.75,22.38,2.1934,9.8011
COOPEALFARORUIZ,2021,6,23.29,0.89,81.15,89.61,29.13,18.71,6.19,0.79,23.71,11.79,4.6414,93.79,22.31,2.3962,9.6422
COOPEALFARORUIZ,2021,7,23.46,1.03,80.92,89.02,28.8,19.24,9.35,0.87,23.87,11.16,4.0286,93.77,22.44,2.1134,9.6427
COOPEALFARORUIZ,2021,8,23.03,0.87,89.66,90.64,28.63,18.9,7.47,0.91,23.46,16.15,4.297,93.79,22.16,2.419,9.6403
COOPEALFARORUIZ,2021,9,23.02,0.87,85.05,90.19,28.06,19.28,5.49,0.95,23.49,14.22,4.6992,93.78,22.11,2.4077,9.607
COOPEALFARORUIZ,2021,10,23.18,0.87,78.03,90.94,28.29,19.36,5.27,0.96,23.59,9.54,4.4635,93.72,22.35,2.1274,9.5942
COOPEALFARORUIZ,2021,11,22.62,1.1,74.08,87.87,27.8,18.03,6.79,0.89,23.14,3.38,3.7747,93.73,21.48,1.6464,9.499
COOPEALFARORUIZ,2021,12,22.81,1.32,60.56,85.64,27.73,17.98,5.93,0.77,23.29,1.59,4.0994,93.7,21.46,1.6034,9.3833
COOPEALFARORUIZ,2022,1,22.17,1.61,50.25,80.55,28.05,17.16,4.68,0.62,22.89,0.33,4.8055,93.8,20.28,1.717,9.1829
COOPEALFARORUIZ,2022,2,23.18,1.87,50.03,69.54,30.48,15.53,4.12,0.48,24.52,0.38,5.5003,93.76,19.94,1.949,9.2429
COOPEALFARORUIZ,2022,3,24.32,1.52,55.35,70.15,31.86,18.02,5.02,0.47,25.72,4.51,5.5625,93.74,21.09,2.1031,9.565
COOPEALFARORUIZ,2022,4,24.47,1.17,77.15,77.04,32.59,19.4,6.36,0.48,25.74,5.42,4.8271,93.67,22.04,2.2046,9.8926
COOPEALFARORUIZ,2022,5,23.55,0.9,86.68,89.11,29.29,18.94,6.93,0.66,24.06,10.48,4.4738,93.74,22.52,2.3206,9.9588
COOPEALFARORUIZ,2022,6,22.39,1.1,91.21,91.62,27.09,17.65,9.41,0.82,22.77,13.47,4.1686,93.77,21.63,2.2656,9.8172
COOPEALFARORUIZ,2022,7,23.25,1.0,85.23,89.56,28.71,18.41,9.4,0.89,23.67,7.99,3.8189,93.73,22.28,2.1173,9.8861
COOPEALFARORUIZ,2022,8,23.12,0.97,82.68,88.75,29.02,18.84,8.74,0.87,23.59,6.71,4.2341,93.74,22.06,2.1394,9.8117
COOPEALFARORUIZ,2022,9,22.82,1.05,86.95,91.64,28.61,19.17,7.04,0.9,23.23,10.99,4.6013,93.76,22.06,2.3263,9.8081
COOPEALFARORUIZ,2022,10,22.86,1.01,76.75,91.45,28.67,18.43,5.96,0.93,23.3,10.58,4.2144,93.72,22.08,2.0035,9.7882
COOPEALFARORUIZ,2022,11,22.6,1.01,81.09,91.66,28.02,17.82,8.0,0.94,23.08,12.09,3.3943,93.7,21.84,1.7366,9.8357
COOPEALFARORUIZ,2022,12,22.36,1.45,53.47,84.96,27.97,17.38,5.33,0.86,22.82,1.25,4.205,93.71,20.95,1.5151,9.4966
COOPEALFARORUIZ,2023,1,22.2,1.63,59.43,83.75,27.87,16.63,5.68,0.72,22.75,1.29,4.1532,93.78,20.66,1.633,9.5306
COOPEALFARORUIZ,2023,2,22.84,2.19,50.59,75.49,30.07,16.13,6.31,0.56,23.82,0.62,4.8281,93.74,20.41,1.698,9.5177
COOPEALFARORUIZ,2023,3,23.46,1.37,62.24,77.12,31.1,18.08,6.86,0.5,24.57,3.79,4.7964,93.78,21.1,1.9001,9.6814
COOPEALFARORUIZ,2023,4,24.95,1.35,58.44,70.65,33.13,18.91,5.22,0.46,26.21,2.31,5.4622,93.69,21.75,2.1331,9.715
COOPEALFARORUIZ,2023,5,25.33,1.25,69.09,77.35,33.23,20.25,5.16,0.5,26.16,7.29,5.1617,93.68,22.91,2.3899,9.9931
COOPEALFARORUIZ,2023,6,24.13,1.04,83.15,88.31,30.25,19.57,7.51,0.68,24.59,8.15,4.7148,93.7,23.02,2.3369,9.9948
COOPEALFARORUIZ,2023,7,24.24,1.19,86.35,87.15,30.37,19.68,8.26,0.73,24.63,7.27,4.0622,93.72,23.01,2.2454,9.9912
COOPEALFARORUIZ,2023,8,24.23,1.07,82.31,87.35,30.1,19.64,8.29,0.75,24.66,6.74,4.2593,93.69,23.02,2.2205,9.9744
COOPEALFARORUIZ,2023,9,24.31,0.97,80.12,86.18,29.83,18.78,6.29,0.76,24.83,7.43,4.5677,93.66,22.97,2.1943,9.9492
COOPEALFARORUIZ,2023,10,23.5,1.06,87.91,92.81,28.29,20.16,5.81,0.86,23.85,14.12,4.3061,93.7,22.85,2.213,9.9641
COOPEALFARORUIZ,2023,11,23.42,1.0,79.3,91.28,28.7,18.67,6.77,0.9,23.78,7.09,3.6144,93.6,22.62,1.8156,9.9648
COOPEALFARORUIZ,2023,12,23.58,1.53,62.46,85.62,29.73,18.42,6.04,0.78,24.01,1.69,3.9725,93.65,22.22,1.6003,9.7694
COOPEALFARORUIZ,2024,1,23.68,1.58,52.49,82.07,29.59,18.19,6.65,0.63,24.32,0.28,4.1671,93.73,21.95,1.567,9.7675
COOPEALFARORUIZ,2024,2,24.0,1.82,55.69,74.22,31.33,16.57,6.86,0.5,25.11,1.32,4.8528,93.77,21.33,1.783,9.7334
COOPEALFARORUIZ,2024,3,25.96,1.43,47.82,67.95,34.19,17.54,6.13,0.44,27.44,1.46,5.5486,93.72,22.35,2.0215,9.913
COOPEALFARORUIZ,2024,4,25.55,1.41,61.89,71.55,34.05,18.26,5.52,0.46,26.66,4.27,5.333,93.72,22.39,2.0911,9.9276
COOPEALFARORUIZ,2024,5,25.29,0.96,70.58,83.51,32.98,20.24,6.1,0.55,26.0,25.11,4.8271,93.66,23.56,2.2805,10.1489
COOPEALFARORUIZ,2024,6,23.77,1.14,89.42,92.51,29.44,20.22,6.74,0.9,24.14,22.88,4.5689,93.75,23.09,2.52,10.0114
COOPEALFARORUIZ,2024,7,23.87,1.08,91.94,91.16,28.61,19.1,11.25,0.98,24.23,15.42,3.5582,93.7,23.06,2.1425,10.0154
COOPEALFARORUIZ,2024,8,23.86,0.88,85.35,90.05,28.93,19.78,7.0,0.96,24.28,7.62,4.2252,93.78,22.94,2.3453,9.948
COOPEALFARORUIZ,2024,9,23.69,0.99,88.23,91.48,29.05,20.13,7.84,0.97,24.13,13.75,4.2761,93.67,22.9,2.3542,9.9672
COOPEALFARORUIZ,2024,10,23.42,1.05,82.91,91.75,28.32,19.2,6.86,0.98,23.85,11.54,4.1597,93.73,22.68,2.0126,9.9523
COOPEALFARORUIZ,2024,11,22.59,1.27,84.69,93.34,28.03,18.72,8.16,0.99,23.07,29.18,3.492,93.7,21.99,1.751,9.9038
COOPEALFARORUIZ,2024,12,22.93,1.46,77.74,88.13,28.24,18.18,8.99,0.89,23.27,3.89,3.2122,93.7,21.83,1.5118,9.8158
COOPEALFARORUIZ,2025,1,22.86,1.45,70.83,85.1,28.33,17.54,6.99,0.8,23.28,1.26,3.7608,93.76,21.46,1.7304,9.7262
COOPEALFARORUIZ,2025,2,23.09,1.53,63.2,81.9,29.18,18.43,4.91,0.65,23.7,0.88,4.7686,93.73,21.35,1.9836,9.5952
COOPEALFARORUIZ,2025,3,24.05,1.41,53.46,76.26,30.91,18.12,5.27,0.53,25.07,1.99,5.3616,93.77,21.61,1.9306,9.6362
COOPEALFARORUIZ,2025,4,24.31,1.4,72.88,78.71,31.2,19.29,6.19,0.54,25.17,7.29,4.7261,93.73,22.14,2.1314,9.8861
COOPEALFARORUIZ,2025,5,24.15,0.91,85.12,89.45,29.49,20.81,6.69,0.71,24.63,14.41,4.3296,93.7,23.15,2.3604,10.0711
COOPEALFARORUIZ,2025,6,23.55,0.9,94.14,91.02,29.03,20.24,10.82,0.89,23.95,16.64,3.7553,93.77,22.72,2.2512,10.0135
COOPEALFARORUIZ,2025,7,23.82,1.1,82.67,88.03,29.06,19.61,10.55,0.9,24.21,12.44,3.7294,93.77,22.69,2.0647,9.9197
COOPEALFARORUIZ,2025,8,23.71,0.97,82.52,88.2,28.78,19.16,6.57,0.89,24.2,5.21,4.3966,93.78,22.6,2.3762,9.8842
COOPEALFARORUIZ,2025,9,23.47,0.93,88.58,90.96,28.86,19.45,7.37,0.91,23.91,12.53,4.1604,93.76,22.63,2.2102,9.9374
COOPEALFARORUIZ,2025,10,22.85,1.08,87.41,92.89,27.59,19.76,6.16,0.98,23.25,15.29,4.1678,93.71,22.22,2.2562,9.8743
COOPEALFARORUIZ,2025,11,23.01,1.05,78.95,89.82,28.37,16.9,7.57,0.94,23.37,5.15,3.4766,93.69,22.07,1.7393,9.8227
COOPEALFARORUIZ,2025,12,22.52,1.34,-999.0,86.79,27.7,17.8,-999.0,0.85,22.88,2.55,-999.0,93.71,21.29,-999.0,-999.0
ESPH,2020,1,21.42,1.615,56.245000000000005,87.50999999999999,26.869999999999997,17.38,4.67,0.8049999999999999,21.67,3.325,4.7495,91.78,20.22,1.7659500000000001,9.5988
ESPH,2020,2,21.68,1.7999999999999998,40.695,83.505,27.795,15.775,4.32,0.7,22.009999999999998,1.5599999999999998,5.80525,91.785,20.04,1.7675,9.55715
ESPH,2020,3,22.41,1.705,31.669999999999998,74.69,29.89,17.060000000000002,4.515,0.56,23.205,0.6,6.5383,91.845,19.674999999999997,1.7729,9.461
ESPH,2020,4,22.93,1.24,63.22,78.615,31.095,16.759999999999998,4.715,0.565,23.549999999999997,6.215,5.63495,91.785,20.64,2.3322,9.84145
ESPH,2020,5,23.015,1.0150000000000001,87.385,86.42,29.625,18.450000000000003,7.055,0.64,23.33,8.035,4.4927,91.735,21.66,2.42985,9.8658
ESPH,2020,6,22.185000000000002,1.0150000000000001,90.295,90.66,27.77,17.435,7.24,0.855,22.4,13.605,4.37805,91.735,21.285,2.48015,9.743549999999999
ESPH,2020,7,21.735,1.005,82.76,89.52,27.29,15.865,6.484999999999999,0.905,21.955,7.9,4.62505,91.72,20.725,2.52745,9.6731
ESPH,2020,8,21.98,0.98,82.845,90.595,28.13,16.38,8.04,0.915,22.18,9.08,4.60655,91.705,21.07,2.39415,9.71415
ESPH,2020,9,21.85,0.815,81.94999999999999,90.06,27.25,16.86,5.8,0.95,22.005000000000003,11.82,5.091,91.69,20.895,2.4528,9.6827
ESPH,2020,10,21.72,0.8899999999999999,85.91,92.24000000000001,27.355,17.865000000000002,6.765,0.98,21.91,14.685,4.39055,91.63,20.979999999999997,2.1912,9.6738
ESPH,2020,11,21.405,1.04,80.985,92.57,26.880000000000003,18.055,6.0649999999999995,0.985,21.625,20.88,4.056,91.65,20.700000000000003,1.9880499999999999,9.6323
ESPH,2020,12,20.83,1.335,60.31,89.75,25.86,15.265,4.97,0.935,21.020000000000003,8.775,4.5061,91.72999999999999,19.84,1.5737,9.464500000000001
ESPH,2021,1,20.735,1.51,55.17,87.245,26.22,15.36,4.140000000000001,0.87,20.955,2.1550000000000002,4.9343,91.69,19.505000000000003,1.8443,9.3647
ESPH,2021,2,21.27,1.5,49.629999999999995,84.565,27.11,16.560000000000002,4.07,0.7250000000000001,21.64,0.99,5.66015,91.72,19.775,1.8799000000000001,9.48325
ESPH,2021,3,21.48,1.665,48.095,80.125,28.765,14.725000000000001,4.015000000000001,0.61,22.06,3.765,6.22215,91.755,19.435000000000002,1.967,9.446750000000002
ESPH,2021,4,22.189999999999998,1.22,79.03999999999999,85.555,29.025,16.45,6.23,0.675,22.535,9.355,5.1747499999999995,91.67500000000001,20.735,2.3448,9.822099999999999
ESPH,2021,5,22.225,1.115,81.96000000000001,89.12,28.175,17.299999999999997,7.525,0.79,22.475,9.105,4.52725,91.745,21.165,2.31075,9.8581
ESPH,2021,6,22.064999999999998,0.865,82.855,90.27000000000001,27.555,16.89,6.09,0.8500000000000001,22.240000000000002,10.825,4.8467,91.765,21.115000000000002,2.4004,9.7278
ESPH,2021,7,22.15,1.045,82.5,90.22999999999999,27.355,17.735,8.215,0.905,22.335,10.525,4.39895,91.77,21.205,2.25,9.74905
ESPH,2021,8,21.725,0.8,90.36,90.935,26.86,17.259999999999998,7.635,0.9450000000000001,21.884999999999998,14.28,4.52055,91.765,20.855,2.4995000000000003,9.73125
ESPH,2021,9,21.855,0.8,85.045,90.275,27.229999999999997,17.995,5.96,0.965,22.005,11.085,4.8192,91.75,20.92,2.3695500000000003,9.7042
ESPH,2021,10,21.955,0.7949999999999999,80.345,90.88499999999999,27.22,17.869999999999997,5.555,0.965,22.09,8.57,4.49305,91.695,21.08,2.18485,9.7092
ESPH,2021,11,21.23,1.07,74.07,89.1,26.87,16.405,5.640000000000001,0.905,21.439999999999998,3.735,4.1881,91.73,20.165,1.8122500000000001,9.6166
ESPH,2021,12,21.335,1.335,58.96,88.625,26.175,17.225,5.1850000000000005,0.825,21.555,2.885,4.4455,91.71000000000001,20.235,1.64445,9.51875
ESPH,2022,1,20.58,1.54,46.22,84.235,26.305,16.18,3.915,0.7,20.92,0.865,5.27135,91.795,19.035,1.6426,9.3347
ESPH,2022,2,21.145,1.745,40.230000000000004,76.805,27.700000000000003,14.035,3.725,0.575,21.799999999999997,1.015,6.0093499999999995,91.775,18.700000000000003,1.75715,9.289200000000001
ESPH,2022,3,22.22,1.4649999999999999,49.129999999999995,77.54,29.605,16.14,4.255,0.58,22.924999999999997,5.85,6.10535,91.75,19.805,1.99895,9.5892
ESPH,2022,4,22.634999999999998,1.13,77.24000000000001,82.2,29.970000000000002,17.6,5.300000000000001,0.605,23.255,6.84,5.257899999999999,91.66,20.765,2.334,10.03105
ESPH,2022,5,22.33,0.79,86.67,89.85499999999999,28.174999999999997,17.58,7.24,0.745,22.535,9.535,4.5542,91.69999999999999,21.34,2.3273,10.0957
ESPH,2022,6,21.314999999999998,0.905,90.69,92.28,26.9,16.475,8.67,0.8799999999999999,21.47,14.715,4.3637,91.715,20.58,2.3350999999999997,9.969249999999999
ESPH,2022,7,21.935000000000002,1.0,85.28,90.855,27.185000000000002,17.35,8.08,0.9299999999999999,22.12,7.71,4.22555,91.725,21.060000000000002,2.26655,10.033100000000001
ESPH,2022,8,21.805,0.8999999999999999,83.39500000000001,89.34,27.619999999999997,17.055,7.905,0.9099999999999999,21.975,6.43,4.632149999999999,91.72,20.77,2.2926,9.98785
ESPH,2022,9,21.78,0.835,86.25999999999999,91.325,27.47,18.03,7.095000000000001,0.935,21.92,10.915,4.7735,91.71000000000001,20.95,2.3406000000000002,9.9678
ESPH,2022,10,21.674999999999997,0.9,79.505,91.455,27.1,17.27,6.27,0.9550000000000001,21.845,9.84,4.292400000000001,91.695,20.865,2.10885,9.97405
ESPH,2022,11,21.345,0.88,82.525,92.315,26.845,16.58,7.87,0.96,21.53,11.745000000000001,3.6306,91.67500000000001,20.61,1.85495,9.992899999999999
ESPH,2022,12,20.89,1.4449999999999998,48.655,87.91999999999999,26.045,16.425,4.525,0.8999999999999999,21.105,2.3200000000000003,4.667400000000001,91.725,19.73,1.56815,9.6694
ESPH,2023,1,20.71,1.5699999999999998,49.535,86.975,25.84,15.67,4.745,0.78,20.98,1.95,4.855700000000001,91.8,19.45,1.6276000000000002,9.6644
ESPH,2023,2,21.064999999999998,2.025,31.045,81.82,27.785,14.829999999999998,5.289999999999999,0.65,21.585,1.87,5.7357499999999995,91.77,19.259999999999998,1.5643,9.545300000000001
ESPH,2023,3,21.62,1.33,55.825,82.33500000000001,28.990000000000002,16.685,5.615,0.61,22.17,4.34,5.43755,91.775,19.805,1.9439,9.8076
ESPH,2023,4,22.92,1.27,57.07,77.015,31.11,16.835,4.325,0.575,23.535,2.8600000000000003,5.872199999999999,91.69,20.445,2.22465,9.90495
ESPH,2023,5,23.63,1.155,66.98,81.43,30.81,18.619999999999997,4.925000000000001,0.595,24.02,7.37,5.5199,91.67500000000001,21.675,2.27125,10.124649999999999
ESPH,2023,6,22.884999999999998,0.905,83.65,89.41499999999999,28.805,17.69,6.785,0.76,23.075,8.93,4.979900000000001,91.67500000000001,21.85,2.3796,10.1491
ESPH,2023,7,22.735,1.0699999999999998,85.185,89.475,28.36,18.285,7.625,0.825,22.89,8.365,4.5396,91.725,21.700000000000003,2.382,10.14565
ESPH,2023,8,22.814999999999998,0.96,82.74000000000001,89.095,28.69,18.439999999999998,7.574999999999999,0.85,22.990000000000002,7.115,4.574999999999999,91.69,21.744999999999997,2.31395,10.143
ESPH,2023,9,22.88,0.8999999999999999,79.38,87.43,28.39,17.34,6.24,0.845,23.07,6.67,4.8246,91.66,21.625,2.2071500000000004,10.118500000000001
ESPH,2023,10,22.509999999999998,0.8300000000000001,88.27,92.69,27.485,18.82,6.425,0.915,22.62,13.215,4.42775,91.65,21.815,2.27975,10.125499999999999
ESPH,2023,11,22.25,0.9099999999999999,76.21000000000001,92.525,27.4,17.67,5.914999999999999,0.9450000000000001,22.41,8.45,4.077,91.59,21.535,1.87595,10.112400000000001
ESPH,2023,12,22.119999999999997,1.425,53.885000000000005,88.62,27.715,17.55,5.34,0.86,22.3,3.2649999999999997,4.57765,91.67,21.02,1.5732,9.92565
ESPH,2024,1,22.085,1.5,38.260000000000005,85.845,27.689999999999998,17.060000000000002,5.445,0.73,22.380000000000003,0.685,5.0119,91.75,20.715,1.50015,9.85175
ESPH,2024,2,22.03,1.6099999999999999,40.175,80.845,29.049999999999997,15.25,5.49,0.615,22.564999999999998,2.685,5.66065,91.78,20.07,1.67475,9.7807
ESPH,2024,3,23.85,1.305,43.985,74.87,32.39,15.875,5.165,0.555,24.55,1.77,5.94685,91.72999999999999,21.075000000000003,2.0779,10.0032
ESPH,2024,4,23.595,1.345,63.095,77.395,32.01,16.605,4.71,0.5650000000000001,24.130000000000003,4.994999999999999,5.62845,91.72999999999999,21.11,2.1709,10.055900000000001
ESPH,2024,5,23.83,0.8899999999999999,73.42,85.535,30.99,18.5,5.84,0.645,24.15,25.215,5.013249999999999,91.645,22.314999999999998,2.3453,10.27705
ESPH,2024,6,22.795,0.885,89.725,92.71000000000001,28.075000000000003,18.965,7.195,0.935,22.939999999999998,24.25,4.62755,91.7,22.105,2.47645,10.1579
ESPH,2024,7,22.615000000000002,1.0050000000000001,90.46000000000001,92.13,27.405,17.975,9.185,0.99,22.77,16.41,4.1208,91.7,21.86,2.3243,10.1737
ESPH,2024,8,22.59,0.85,85.195,90.185,27.66,18.53,6.88,0.97,22.725,7.0600000000000005,4.48405,91.78,21.634999999999998,2.4006,10.1155
ESPH,2024,9,22.625,0.84,89.0,91.255,28.05,19.0,8.0,0.975,22.799999999999997,13.43,4.28905,91.63499999999999,21.775,2.3783000000000003,10.1387
ESPH,2024,10,22.285,0.93,82.765,92.405,27.54,18.335,6.18,0.985,22.485,11.965,4.46295,91.7,21.564999999999998,2.1388499999999997,10.094149999999999
ESPH,2024,11,21.615000000000002,0.95,86.6,93.69,26.745,17.479999999999997,8.75,0.995,21.845,27.585,3.4489,91.64500000000001,21.015,1.8106499999999999,10.05995
ESPH,2024,12,21.525,1.38,70.265,90.64,26.465,17.2,7.415,0.9299999999999999,21.674999999999997,5.89,3.7645500000000003,91.72,20.625,1.5982,9.953399999999998
ESPH,2025,1,21.375,1.435,61.54,88.195,26.375,16.22,5.36,0.8600000000000001,21.575000000000003,2.605,4.4749,91.78999999999999,20.235,1.77095,9.831800000000001
ESPH,2025,2,21.54,1.495,59.510000000000005,85.255,27.605,17.02,4.52,0.745,21.845,1.47,5.1912,91.745,20.1,2.01335,9.79415
ESPH,2025,3,22.365000000000002,1.37,52.965,80.525,29.175,17.04,4.43,0.62,22.87,2.26,5.781499999999999,91.775,20.36,2.0496,9.82545
ESPH,2025,4,22.545,1.365,71.565,83.175,29.105,17.895,5.375,0.655,22.98,9.355,5.29995,91.735,20.83,2.3275,10.068850000000001
ESPH,2025,5,22.875,0.94,82.95,90.85,27.869999999999997,18.715,7.135,0.7949999999999999,23.11,13.09,4.8373,91.695,21.985,2.3827,10.20525
ESPH,2025,6,22.33,0.86,92.375,91.87,27.78,18.695,9.525,0.935,22.509999999999998,16.325000000000003,4.222799999999999,91.745,21.549999999999997,2.4042,10.1371
ESPH,2025,7,22.35,1.13,80.905,89.905,27.39,18.395,8.785,0.935,22.525,10.11,4.35015,91.785,21.37,2.2624500000000003,10.0793
ESPH,2025,8,22.325000000000003,0.9450000000000001,82.6,89.18,27.365000000000002,17.48,6.575,0.9199999999999999,22.525,5.135,4.58955,91.775,21.270000000000003,2.3875,10.06455
ESPH,2025,9,22.314999999999998,0.8300000000000001,87.85499999999999,90.965,27.75,18.015,7.37,0.94,22.48,11.739999999999998,4.3925,91.74000000000001,21.439999999999998,2.2656,10.0638
ESPH,2025,10,21.83,0.855,87.295,92.565,26.619999999999997,18.345,6.9399999999999995,0.985,21.97,13.695,4.276199999999999,91.66,21.13,2.2736,10.0231
ESPH,2025,11,21.700000000000003,1.085,76.18,91.26499999999999,27.259999999999998,15.805,6.655,0.96,21.86,6.04,3.8926499999999997,91.695,20.86,1.8367499999999999,9.969100000000001
ESPH,2025,12,21.095,1.295,-999.0,89.035,26.33,17.060000000000002,-999.0,0.895,21.240000000000002,3.82,-999.0,91.715,20.045,-999.0,-999.0
JASEC,2020,1,19.93,1.49,63.22,90.99,24.93,16.08,6.79,0.91,19.95,4.42,4.4299,89.79,19.04,1.7815,8.7163
JASEC,2020,2,19.9,1.64,52.41,89.05,25.54,13.96,5.75,0.81,19.93,2.55,5.4886,89.81,18.82,1.897,8.6441
JASEC,2020,3,20.1,1.66,43.15,83.52,27.16,15.73,5.97,0.67,20.14,0.82,6.1733,89.87,18.4,1.9044,8.5154
JASEC,2020,4,20.97,1.27,72.16,83.35,28.54,15.52,6.09,0.66,20.95,6.57,4.9514,89.79,19.21,2.2562,8.8978
JASEC,2020,5,21.55,0.98,84.65,88.7,28.0,17.21,7.42,0.73,21.5,7.76,4.3279,89.72,20.42,2.3174,8.9556
JASEC,2020,6,20.91,0.94,90.08,91.46,26.39,15.56,7.71,0.92,20.86,13.64,4.242,89.72,20.06,2.4775,8.831
JASEC,2020,7,20.28,1.0,81.08,90.94,25.75,14.07,6.45,0.96,20.22,6.98,4.4374,89.72,19.38,2.4278,8.7749
JASEC,2020,8,20.66,0.88,82.65,90.98,27.24,14.97,6.91,0.95,20.61,7.83,4.3939,89.69,19.75,2.4259,8.808
JASEC,2020,9,20.6,0.73,81.79,89.58,26.1,14.82,6.57,0.97,20.46,8.88,4.7011,89.66,19.57,2.3105,8.8435
JASEC,2020,10,20.64,0.64,85.49,92.39,25.92,16.48,6.97,0.99,20.59,13.55,4.1978,89.58,19.88,2.2236,8.8181
JASEC,2020,11,20.39,0.82,80.66,92.52,26.19,16.56,6.91,0.99,20.34,16.18,3.7901,89.59,19.64,1.9082,8.7252
JASEC,2020,12,19.48,1.29,62.53,91.87,24.26,13.57,6.57,0.96,19.44,10.77,4.236,89.74,18.66,1.615,8.5562
JASEC,2021,1,19.21,1.48,57.63,90.49,24.24,13.59,5.7,0.92,19.18,3.27,4.6222,89.71,18.26,1.7974,8.4379
JASEC,2021,2,19.7,1.41,59.6,87.9,25.43,15.41,5.75,0.8,19.69,1.53,4.9474,89.72,18.52,1.9282,8.677
JASEC,2021,3,19.69,1.59,58.48,85.54,26.89,13.38,6.67,0.7,19.72,5.2,5.34,89.77,18.2,1.949,8.61
JASEC,2021,4,20.68,1.2,84.64,88.86,26.94,15.34,8.78,0.78,20.69,9.74,4.4702,89.67,19.55,2.2306,8.9652
JASEC,2021,5,20.85,1.17,84.48,91.07,27.07,15.95,7.62,0.86,20.87,10.32,4.2818,89.74,19.95,2.311,8.9635
JASEC,2021,6,20.84,0.84,80.78,90.93,25.98,15.07,6.17,0.91,20.77,9.86,4.5857,89.74,19.92,2.3755,8.7929
JASEC,2021,7,20.84,1.06,82.09,91.44,25.91,16.23,8.18,0.94,20.8,9.89,4.1074,89.77,19.97,2.1962,8.8037
JASEC,2021,8,20.42,0.73,90.31,91.23,25.09,15.62,6.81,0.98,20.31,12.41,4.3087,89.74,19.55,2.586,8.8433
JASEC,2021,9,20.69,0.73,83.8,90.36,26.4,16.71,6.74,0.98,20.52,7.95,4.4758,89.72,19.73,2.2541,8.8342
JASEC,2021,10,20.73,0.72,79.92,90.83,26.15,16.38,5.77,0.97,20.59,7.6,4.3577,89.67,19.81,2.3136,8.8214
JASEC,2021,11,19.84,1.04,70.31,90.33,25.94,14.78,6.9,0.92,19.74,4.09,4.0075,89.73,18.85,1.7719,8.6933
JASEC,2021,12,19.86,1.35,61.46,91.61,24.62,16.47,5.87,0.88,19.82,4.18,4.3116,89.72,19.01,1.8266,8.611
JASEC,2022,1,18.99,1.47,51.52,87.92,24.56,15.2,4.89,0.78,18.95,1.4,5.2589,89.79,17.79,1.764,8.4437
JASEC,2022,2,19.11,1.62,51.89,84.07,24.92,12.54,5.73,0.67,19.08,1.65,5.4106,89.79,17.46,1.7923,8.4991
JASEC,2022,3,20.12,1.41,60.09,84.93,27.35,14.26,5.81,0.69,20.13,7.19,5.7,89.76,18.52,2.1437,8.7434
JASEC,2022,4,20.8,1.09,86.32,87.36,27.35,15.8,7.58,0.73,20.77,8.26,4.4986,89.65,19.49,2.2706,9.3079
JASEC,2022,5,21.11,0.68,86.93,90.6,27.06,16.22,8.52,0.83,21.01,8.59,4.2559,89.66,20.16,2.2174,9.3204
JASEC,2022,6,20.24,0.71,91.16,92.94,26.71,15.3,8.45,0.94,20.17,15.96,4.1292,89.66,19.53,2.3035,9.229
JASEC,2022,7,20.62,1.0,85.85,92.15,25.66,16.29,7.61,0.97,20.57,7.43,4.1074,89.72,19.84,2.2812,9.2362
JASEC,2022,8,20.49,0.83,87.83,89.93,26.22,15.27,7.3,0.95,20.36,6.15,4.4134,89.7,19.48,2.3633,9.2155
JASEC,2022,9,20.74,0.62,87.58,91.01,26.33,16.89,6.8,0.97,20.61,10.84,4.369,89.66,19.84,2.3578,9.2304
JASEC,2022,10,20.49,0.79,82.98,91.46,25.53,16.11,6.29,0.98,20.39,9.1,4.0354,89.67,19.65,2.1343,9.1877
JASEC,2022,11,20.09,0.75,82.92,92.97,25.67,15.34,7.93,0.98,19.98,11.4,3.533,89.65,19.38,1.8886,9.2095
JASEC,2022,12,19.42,1.44,65.97,90.88,24.12,15.47,5.67,0.94,19.39,3.39,4.1964,89.74,18.51,1.6426,8.9798
JASEC,2023,1,19.22,1.51,59.93,90.2,23.81,14.71,5.87,0.84,19.21,2.61,4.631,89.82,18.24,1.674,8.8994
JASEC,2023,2,19.29,1.86,54.82,88.15,25.5,13.53,6.25,0.74,19.35,3.12,5.1362,89.8,18.11,1.7947,8.9326
JASEC,2023,3,19.78,1.29,67.78,87.55,26.88,15.29,7.71,0.72,19.77,4.89,4.9171,89.77,18.51,1.9061,9.0929
JASEC,2023,4,20.89,1.19,73.69,83.38,29.09,14.76,6.29,0.69,20.86,3.41,5.1427,89.69,19.14,2.1943,9.2434
JASEC,2023,5,21.93,1.06,76.51,85.51,28.39,16.99,6.92,0.69,21.88,7.45,4.9702,89.67,20.44,2.1638,9.3398
JASEC,2023,6,21.64,0.77,86.64,90.52,27.36,15.81,7.13,0.84,21.56,9.71,4.5845,89.65,20.68,2.4139,9.3346
JASEC,2023,7,21.23,0.95,87.72,91.8,26.35,16.89,7.79,0.92,21.15,9.46,4.2514,89.73,20.39,2.4254,9.2863
JASEC,2023,8,21.4,0.85,86.13,90.84,27.28,17.24,7.45,0.95,21.32,7.49,4.2713,89.69,20.47,2.3323,9.3156
JASEC,2023,9,21.45,0.83,81.93,88.68,26.95,15.9,6.07,0.93,21.31,5.91,4.5888,89.66,20.28,2.3602,9.3
JASEC,2023,10,21.52,0.6,89.15,92.57,26.68,17.48,6.84,0.97,21.39,12.31,4.1196,89.6,20.78,2.2459,9.353
JASEC,2023,11,21.08,0.82,80.66,93.77,26.1,16.67,6.8,0.99,21.04,9.81,3.7339,89.58,20.45,1.8622,9.3552
JASEC,2023,12,20.66,1.32,66.38,91.62,25.7,16.68,6.37,0.94,20.59,4.84,4.2586,89.69,19.82,1.6418,9.2107
JASEC,2024,1,20.49,1.42,53.91,89.62,25.79,15.93,5.92,0.83,20.44,1.09,4.8778,89.77,19.48,1.6202,9.1049
JASEC,2024,2,20.06,1.4,59.85,87.47,26.77,13.93,6.59,0.73,20.02,4.05,5.0354,89.79,18.81,1.745,9.131
JASEC,2024,3,21.74,1.18,62.17,81.79,30.59,14.21,6.25,0.67,21.66,2.08,5.3765,89.74,19.8,2.0707,9.2167
JASEC,2024,4,21.64,1.28,74.36,83.24,29.97,14.95,6.36,0.67,21.6,5.72,4.9886,89.74,19.83,2.1554,9.271
JASEC,2024,5,22.37,0.82,78.76,87.56,29.0,16.76,6.79,0.74,22.3,25.32,4.6284,89.63,21.07,2.3035,9.474
JASEC,2024,6,21.82,0.63,90.74,92.91,26.71,17.71,7.32,0.97,21.74,25.62,4.325,89.65,21.12,2.4418,9.408
JASEC,2024,7,21.36,0.93,91.55,93.1,26.2,16.85,7.52,1.0,21.31,17.4,4.128,89.7,20.66,2.4754,9.3636
JASEC,2024,8,21.32,0.82,86.13,90.32,26.39,17.28,5.83,0.98,21.17,6.5,4.4146,89.78,20.33,2.5068,9.2758
JASEC,2024,9,21.56,0.69,87.09,91.03,27.05,17.87,8.04,0.98,21.47,13.11,4.0793,89.6,20.65,2.2874,9.349
JASEC,2024,10,21.15,0.81,86.17,93.06,26.76,17.47,6.59,0.99,21.12,12.39,4.1431,89.67,20.45,2.1722,9.3358
JASEC,2024,11,20.64,0.63,87.18,94.04,25.46,16.24,8.81,1.0,20.62,25.99,3.4279,89.59,20.04,1.8403,9.3391
JASEC,2024,12,20.12,1.3,77.5,93.15,24.69,16.22,7.59,0.97,20.08,7.89,3.5681,89.74,19.42,1.6874,9.1654
JASEC,2025,1,19.89,1.42,66.94,91.29,24.42,14.9,6.3,0.92,19.87,3.95,4.3423,89.82,19.01,1.7916,9.0166
JASEC,2025,2,19.99,1.46,71.26,88.61,26.03,15.61,5.95,0.84,19.99,2.06,4.7515,89.76,18.85,2.0539,9.0571
JASEC,2025,3,20.68,1.33,69.78,84.79,27.44,15.96,5.83,0.71,20.67,2.53,5.1214,89.78,19.11,2.0606,9.1056
JASEC,2025,4,20.78,1.33,85.0,87.64,27.01,16.5,7.32,0.77,20.79,11.42,4.5254,89.74,19.52,2.2824,9.3043
JASEC,2025,5,21.6,0.97,85.14,92.25,26.25,16.62,7.86,0.88,21.59,11.77,4.4213,89.69,20.82,2.2975,9.377
JASEC,2025,6,21.11,0.82,92.46,92.72,26.53,17.15,7.96,0.98,21.07,16.01,4.1186,89.72,20.38,2.4619,9.306
JASEC,2025,7,20.88,1.16,84.75,91.78,25.72,17.18,8.01,0.97,20.84,7.78,4.1515,89.8,20.05,2.3059,9.2599
JASEC,2025,8,20.94,0.92,83.79,90.16,25.95,15.8,7.16,0.95,20.85,5.06,4.3639,89.77,19.94,2.3251,9.2438
JASEC,2025,9,21.16,0.73,89.33,90.97,26.64,16.58,6.76,0.97,21.05,10.95,4.188,89.72,20.25,2.3467,9.2983
JASEC,2025,10,20.81,0.63,89.32,92.24,25.65,16.93,6.81,0.99,20.69,12.1,3.9401,89.61,20.04,2.2848,9.2515
JASEC,2025,11,20.39,1.12,81.31,92.71,26.15,14.71,7.46,0.98,20.35,6.93,3.7142,89.7,19.65,1.8538,9.2198
JASEC,2025,12,19.67,1.25,-999.0,91.28,24.96,16.32,-999.0,0.94,19.6,5.09,-999.0,89.72,18.8,-999.0,-999.0
ICE,2020,1,24.349999999999998,3.043333333333333,53.806666666666665,81.28333333333335,29.28,20.69333333333333,6.173333333333333,0.7966666666666667,24.706666666666667,4.659999999999999,4.718,95.81,22.47,1.7356666666666667,9.038233333333332
ICE,2020,2,24.836666666666662,3.3333333333333335,41.303333333333335,76.91666666666667,30.273333333333337,20.14,5.883333333333333,0.7266666666666667,25.310000000000002,2.3066666666666666,5.740600000000001,95.80666666666667,22.403333333333336,1.7903333333333336,8.9669
ICE,2020,3,25.28,3.043333333333333,33.593333333333334,70.92333333333333,31.35666666666667,20.48,5.713333333333334,0.6166666666666667,25.766666666666666,0.8033333333333333,6.419133333333334,95.86333333333334,22.073333333333334,1.8124666666666667,8.865166666666667
ICE,2020,4,25.689999999999998,2.0533333333333332,63.02333333333333,74.63666666666666,32.18,20.476666666666667,5.33,0.6166666666666667,26.253333333333334,6.2700000000000005,5.376133333333333,95.8,22.92,2.2391666666666667,9.245533333333334
ICE,2020,5,25.596666666666664,1.78,83.83333333333333,82.18666666666667,31.28333333333333,21.86,6.736666666666667,0.7033333333333333,26.099999999999998,8.823333333333332,4.560933333333334,95.74,23.78333333333333,2.4080666666666666,9.358866666666666
ICE,2020,6,24.546666666666667,1.7666666666666668,88.26666666666667,88.01333333333332,28.763333333333332,20.863333333333333,7.02,0.9233333333333333,24.896666666666665,15.213333333333333,4.460466666666666,95.75666666666666,23.416666666666668,2.4972,9.229733333333334
ICE,2020,7,24.233333333333334,1.6733333333333336,79.14999999999999,86.61666666666667,28.73333333333333,20.203333333333333,5.966666666666666,0.9466666666666667,24.47666666666667,8.886666666666667,4.673933333333333,95.74000000000001,22.97,2.4857333333333336,9.161533333333333
ICE,2020,8,24.383333333333336,1.7733333333333334,81.76666666666667,87.60000000000001,29.366666666666664,20.94,7.186666666666667,0.9333333333333332,24.689999999999998,10.973333333333334,4.4883999999999995,95.72333333333334,23.206666666666667,2.378633333333333,9.212166666666667
ICE,2020,9,24.33,1.3566666666666667,80.98,86.43,28.439999999999998,21.24,6.3,0.9766666666666666,24.67,14.136666666666665,4.884066666666667,95.71,23.03333333333333,2.3107333333333333,9.227666666666666
ICE,2020,10,24.123333333333335,1.6766666666666667,84.80666666666666,88.82,28.17,21.623333333333335,6.696666666666666,0.9899999999999999,24.48,18.79,4.296133333333334,95.64333333333333,23.080000000000002,2.1985666666666663,9.203366666666666
ICE,2020,11,23.753333333333334,1.93,78.55333333333333,89.92,28.143333333333334,20.99,6.656666666666666,0.9866666666666667,24.083333333333332,30.23,3.837533333333333,95.66000000000001,22.816666666666666,1.8692666666666666,9.123666666666667
ICE,2020,12,23.313333333333333,2.4466666666666668,54.56666666666666,86.54333333333334,27.24,19.546666666666667,5.88,0.9266666666666666,23.429999999999996,10.906666666666666,4.529433333333333,95.76333333333332,22.05333333333333,1.5499333333333334,8.890533333333334
ICE,2021,1,23.526666666666667,2.77,50.31333333333333,82.33333333333333,28.113333333333333,19.083333333333332,5.34,0.8300000000000001,23.676666666666666,3.313333333333334,4.839300000000001,95.72666666666667,21.813333333333333,1.7150666666666667,8.799333333333335
ICE,2021,2,24.459999999999997,2.8366666666666664,46.28666666666667,76.86333333333333,29.756666666666664,19.78,5.6066666666666665,0.7066666666666667,24.883333333333336,1.72,5.386833333333333,95.74000000000001,22.046666666666667,1.7980333333333334,8.947066666666666
ICE,2021,3,24.816666666666666,3.046666666666667,48.346666666666664,72.92666666666666,30.593333333333334,19.12333333333333,6.066666666666666,0.6566666666666666,25.320000000000004,5.513333333333333,5.763366666666666,95.77666666666666,21.863333333333333,1.8518000000000001,8.918733333333334
ICE,2021,4,24.97,2.233333333333333,77.68333333333334,80.54,30.89333333333333,20.606666666666666,7.453333333333333,0.7600000000000001,25.44333333333333,10.46,4.9523,95.68333333333334,22.953333333333333,2.295533333333333,9.303533333333332
ICE,2021,5,24.823333333333334,2.06,78.79,84.77,29.743333333333336,20.956666666666667,6.390000000000001,0.8466666666666667,25.183333333333334,12.553333333333333,4.7245333333333335,95.76666666666667,23.333333333333332,2.3689,9.3439
ICE,2021,6,24.623333333333335,1.5133333333333334,79.47333333333334,86.15666666666665,29.606666666666666,21.156666666666666,5.96,0.8933333333333332,24.99666666666667,14.719999999999999,4.771766666666667,95.79333333333334,23.286666666666665,2.3571000000000004,9.207533333333332
ICE,2021,7,24.576666666666668,1.8399999999999999,79.38,87.07,28.72666666666667,21.44333333333333,7.3566666666666665,0.94,24.80666666666667,12.453333333333333,4.4533,95.78666666666668,23.356666666666666,2.2437333333333336,9.2152
ICE,2021,8,24.166666666666668,1.4266666666666667,88.16666666666667,87.68333333333334,28.343333333333334,21.05,6.786666666666666,0.9633333333333334,24.526666666666667,16.976666666666667,4.492233333333334,95.78666666666668,22.99666666666667,2.5376666666666665,9.238
ICE,2021,9,24.316666666666666,1.3633333333333333,82.22666666666667,86.78000000000002,28.413333333333338,21.416666666666668,6.456666666666667,0.9866666666666667,24.606666666666666,12.770000000000001,4.701633333333333,95.77333333333333,23.069999999999997,2.2567333333333335,9.219133333333334
ICE,2021,10,24.41333333333333,1.38,77.62,87.50999999999999,28.459999999999997,21.366666666666664,5.34,0.9733333333333333,24.69666666666667,9.463333333333333,4.5520000000000005,95.71333333333332,23.223333333333333,2.212466666666667,9.206766666666667
ICE,2021,11,23.790000000000003,2.0366666666666666,65.99,85.95,27.906666666666666,20.536666666666665,5.956666666666667,0.9066666666666666,23.916666666666668,4.883333333333334,4.285900000000001,95.75666666666666,22.459999999999997,1.7455,9.066733333333334
ICE,2021,12,24.05666666666667,2.393333333333333,52.10333333333333,83.83666666666666,28.686666666666667,20.746666666666666,5.473333333333334,0.8266666666666667,24.166666666666668,4.283333333333332,4.5696666666666665,95.73333333333333,22.486666666666668,1.7125333333333332,8.969700000000001
ICE,2022,1,23.866666666666664,2.8699999999999997,41.18666666666667,76.37333333333333,29.066666666666666,19.87,4.989999999999999,0.7166666666666667,24.203333333333333,1.4066666666666665,5.3944,95.82000000000001,21.423333333333332,1.6289666666666667,8.767133333333334
ICE,2022,2,24.26,2.9933333333333336,41.45333333333333,71.76,29.953333333333333,18.77,5.330000000000001,0.6266666666666666,24.573333333333334,1.5966666666666667,5.7185,95.8,21.19666666666667,1.7063,8.7855
ICE,2022,3,24.939999999999998,2.62,49.160000000000004,74.17666666666666,31.016666666666666,19.94666666666667,5.47,0.6433333333333334,25.38,5.5200000000000005,5.960466666666666,95.76333333333334,22.156666666666666,2.0166666666666666,9.052533333333333
ICE,2022,4,25.38,2.1333333333333333,77.93333333333332,78.39333333333333,31.113333333333333,21.41333333333333,6.55,0.6866666666666666,26.01,8.556666666666667,4.943233333333333,95.66000000000001,23.063333333333333,2.2559,9.5923
ICE,2022,5,24.83,1.4366666666666668,84.50333333333334,86.41333333333334,29.663333333333338,21.713333333333335,8.056666666666667,0.8166666666666668,25.349999999999998,9.943333333333333,4.523733333333333,95.71333333333332,23.49666666666667,2.245233333333333,9.629533333333333
ICE,2022,6,23.733333333333334,1.7700000000000002,91.13999999999999,89.52666666666666,28.236666666666668,20.849999999999998,8.326666666666666,0.9366666666666666,24.223333333333333,18.2,4.252466666666667,95.74333333333334,22.763333333333332,2.3256666666666668,9.515233333333333
ICE,2022,7,24.293333333333333,1.7699999999999998,83.74,88.49333333333334,28.276666666666667,20.973333333333333,7.436666666666667,0.9566666666666667,24.463333333333335,9.72,4.320433333333334,95.74666666666667,23.213333333333335,2.2928,9.538733333333333
ICE,2022,8,24.19333333333333,1.6066666666666667,84.85333333333334,86.46,28.663333333333338,20.433333333333334,7.22,0.9199999999999999,24.49666666666667,8.033333333333333,4.577233333333333,95.74000000000001,22.906666666666666,2.2950666666666666,9.5076
ICE,2022,9,24.22,1.5466666666666666,87.70666666666666,87.96999999999998,28.91,21.626666666666665,7.076666666666667,0.93,24.646666666666665,12.030000000000001,4.431,95.72333333333334,23.09,2.317,9.530866666666666
ICE,2022,10,24.12,1.6066666666666667,78.07333333333334,88.32333333333334,28.24666666666667,21.183333333333334,5.993333333333333,0.9566666666666667,24.41,9.383333333333335,4.331533333333334,95.72000000000001,23.01666666666667,2.062866666666667,9.473066666666666
ICE,2022,11,23.72,1.7233333333333334,80.53333333333335,89.56666666666666,27.97,20.703333333333333,7.376666666666666,0.96,24.01666666666667,16.083333333333332,3.6798,95.69666666666667,22.74666666666667,1.8770666666666667,9.4928
ICE,2022,12,23.473333333333333,2.5666666666666664,53.01666666666667,84.82666666666667,27.616666666666664,19.94666666666667,5.526666666666666,0.9033333333333333,23.47666666666667,3.3866666666666667,4.506233333333333,95.75666666666666,22.043333333333333,1.5496999999999999,9.182933333333333
ICE,2023,1,23.656666666666666,2.9333333333333336,50.50333333333333,81.32333333333332,28.25666666666667,19.55666666666667,5.72,0.7633333333333333,23.883333333333336,2.6300000000000003,4.859166666666667,95.83333333333333,21.826666666666668,1.5952666666666666,9.145966666666666
ICE,2023,2,24.263333333333335,3.75,40.64666666666667,75.28333333333333,30.13,19.416666666666668,6.22,0.6733333333333333,24.613333333333333,2.953333333333333,5.568866666666666,95.79333333333334,21.683333333333334,1.6644666666666665,9.125066666666667
ICE,2023,3,24.61,2.4833333333333334,58.77333333333333,76.89,30.826666666666664,20.183333333333334,7.203333333333333,0.6666666666666666,25.096666666666664,4.443333333333333,5.248633333333333,95.79333333333334,22.173333333333332,1.8789666666666667,9.345466666666667
ICE,2023,4,25.69333333333333,2.3933333333333335,64.71333333333332,73.72,31.77333333333333,20.993333333333336,5.45,0.65,26.316666666666666,3.09,5.526933333333333,95.69,22.810000000000002,2.2032000000000003,9.490266666666665
ICE,2023,5,26.393333333333334,2.0166666666666666,71.20333333333333,77.61666666666666,32.196666666666665,22.28,6.2,0.6533333333333333,26.87,7.773333333333333,5.2077,95.66333333333334,24.006666666666664,2.221166666666667,9.656533333333334
ICE,2023,6,25.416666666666668,1.6633333333333333,84.45666666666666,86.08,29.736666666666668,22.02333333333333,6.923333333333333,0.8433333333333333,25.746666666666666,9.966666666666667,4.7990666666666675,95.67,24.076666666666668,2.3722333333333334,9.648833333333334
ICE,2023,7,25.400000000000002,1.92,84.69666666666667,85.42,30.103333333333335,21.786666666666665,6.91,0.86,25.586666666666662,9.443333333333333,4.560266666666667,95.72000000000001,23.97,2.4191666666666665,9.619900000000001
ICE,2023,8,25.59,1.6966666666666665,83.36666666666666,83.89333333333333,30.94333333333333,21.689999999999998,7.166666666666667,0.8466666666666667,25.92,7.75,4.490733333333334,95.68666666666667,23.993333333333336,2.3384666666666667,9.647033333333333
ICE,2023,9,25.923333333333332,1.4666666666666668,79.89666666666666,81.03666666666668,30.963333333333335,21.7,5.739999999999999,0.8333333333333334,26.206666666666667,6.446666666666666,4.871833333333334,95.65333333333332,23.99666666666667,2.2933,9.6432
ICE,2023,10,24.98,1.6866666666666665,87.83666666666666,88.70333333333333,29.483333333333334,22.156666666666666,6.676666666666667,0.91,25.41333333333333,14.413333333333332,4.2756,95.64333333333333,23.91333333333333,2.2163,9.6603
ICE,2023,11,24.786666666666665,1.8266666666666669,77.55666666666666,89.11,29.080000000000002,21.613333333333333,6.22,0.9666666666666667,25.040000000000003,11.096666666666664,3.9888,95.59333333333332,23.77,1.8552333333333333,9.6308
ICE,2023,12,24.74,2.5633333333333335,56.24333333333333,84.91333333333334,29.19666666666667,20.426666666666666,6.093333333333334,0.8666666666666667,24.81,4.56,4.501933333333334,95.67999999999999,23.293333333333333,1.5527666666666666,9.435266666666665
ICE,2024,1,25.116666666666664,2.8433333333333333,42.85333333333333,79.63,30.133333333333336,20.746666666666666,6.126666666666666,0.7333333333333334,25.396666666666665,1.0666666666666667,5.0831333333333335,95.76333333333332,23.060000000000002,1.5392666666666666,9.356900000000001
ICE,2024,2,25.066666666666666,2.973333333333333,46.76666666666667,75.36,31.813333333333333,19.45,6.426666666666667,0.6566666666666666,25.606666666666666,3.99,5.462366666666667,95.79333333333334,22.426666666666666,1.6747000000000003,9.323500000000001
ICE,2024,3,26.406666666666666,2.3266666666666667,49.04,73.02333333333333,32.99333333333333,20.396666666666665,5.88,0.63,26.903333333333332,2.123333333333333,5.7565,95.72333333333334,23.403333333333332,2.0027,9.483199999999998
ICE,2024,4,26.333333333333332,2.313333333333333,66.49,74.33666666666666,32.416666666666664,21.133333333333336,5.413333333333334,0.64,26.810000000000002,5.7299999999999995,5.4178,95.72333333333334,23.503333333333334,2.1914000000000002,9.5693
ICE,2024,5,26.30333333333333,1.5666666666666667,74.75666666666667,82.85666666666667,32.156666666666666,22.77333333333333,6.37,0.7233333333333333,26.853333333333335,24.340000000000003,4.880466666666667,95.63,24.543333333333333,2.3089333333333335,9.799766666666667
ICE,2024,6,25.05,1.6333333333333335,89.88999999999999,89.71666666666665,29.613333333333333,22.349999999999998,7.876666666666668,0.9633333333333333,25.459999999999997,28.633333333333336,4.3746,95.70666666666666,24.096666666666664,2.3814,9.706233333333332
ICE,2024,7,25.026666666666667,1.6733333333333331,89.52333333333333,89.39333333333333,28.689999999999998,21.546666666666667,7.543333333333333,0.9966666666666667,25.19666666666667,18.246666666666666,4.294066666666667,95.71333333333332,24.03,2.445133333333333,9.664466666666668
ICE,2024,8,25.153333333333332,1.3399999999999999,84.06666666666666,86.24333333333334,29.363333333333333,21.939999999999998,5.919999999999999,0.9700000000000001,25.276666666666667,7.376666666666668,4.5729,95.78666666666668,23.84,2.454,9.5974
ICE,2024,9,25.036666666666665,1.4566666666666668,87.39,87.8,29.533333333333335,22.096666666666664,8.186666666666666,0.9700000000000001,25.42,14.063333333333334,4.156733333333333,95.63666666666666,23.876666666666665,2.2758,9.656433333333334
ICE,2024,10,24.683333333333334,1.8166666666666667,83.14666666666666,89.08666666666666,28.72666666666667,21.69666666666667,6.303333333333334,0.9833333333333334,25.03,12.31,4.346866666666666,95.70333333333333,23.663333333333338,2.1092666666666666,9.619633333333335
ICE,2024,11,23.86,1.9633333333333336,84.77666666666667,91.19333333333333,27.78,20.896666666666665,8.520000000000001,0.9966666666666667,24.293333333333333,38.68,3.4771,95.66000000000001,23.05,1.8152,9.611033333333333
ICE,2024,12,23.933333333333334,2.3633333333333333,72.24333333333333,87.89666666666666,27.94666666666667,20.43,6.926666666666667,0.9333333333333332,23.98,8.32,3.8200000000000003,95.74666666666667,22.8,1.6678,9.433933333333334
ICE,2025,1,23.973333333333333,2.6733333333333333,62.85333333333333,84.55333333333333,28.423333333333332,20.53333333333333,5.84,0.8433333333333334,24.060000000000002,3.8166666666666664,4.4723999999999995,95.82,22.493333333333336,1.7708000000000002,9.302266666666666
ICE,2025,2,24.603333333333335,2.813333333333333,61.73666666666667,78.91333333333334,29.953333333333333,20.87,5.323333333333333,0.75,24.903333333333336,2.2433333333333336,5.0711,95.76333333333334,22.456666666666667,1.9851,9.315900000000001
ICE,2025,3,25.52333333333333,2.5633333333333335,57.96666666666667,74.39,31.27,20.87333333333333,5.233333333333333,0.6566666666666666,26.080000000000002,2.51,5.557933333333334,95.78333333333335,22.74,2.0162,9.356633333333335
ICE,2025,4,25.636666666666667,2.533333333333333,73.54,77.07,31.39,21.596666666666668,6.496666666666667,0.7066666666666667,26.073333333333334,8.876666666666667,5.0543000000000005,95.73333333333333,23.206666666666667,2.243533333333333,9.583599999999999
ICE,2025,5,25.493333333333336,1.7633333333333334,82.29666666666667,86.30333333333333,30.423333333333332,21.810000000000002,7.0200000000000005,0.8099999999999999,25.916666666666668,12.173333333333332,4.684666666666666,95.69666666666667,24.146666666666665,2.331733333333333,9.703566666666667
ICE,2025,6,24.679999999999996,1.5666666666666667,91.30333333333333,88.60666666666667,28.823333333333334,22.01,7.976666666666667,0.9333333333333332,25.05666666666667,15.479999999999999,4.292933333333333,95.75999999999999,23.61,2.4362333333333335,9.624066666666666
ICE,2025,7,24.80333333333333,1.9866666666666666,81.23666666666666,86.95,28.876666666666665,21.913333333333338,7.276666666666666,0.9233333333333333,24.903333333333336,13.423333333333334,4.4745333333333335,95.79333333333334,23.560000000000002,2.3448666666666664,9.5636
ICE,2025,8,24.766666666666666,1.6033333333333335,81.02666666666667,86.00666666666666,28.763333333333332,20.819999999999997,6.41,0.9066666666666666,24.96666666666667,5.54,4.6475,95.79333333333334,23.423333333333332,2.3692666666666664,9.546933333333333
ICE,2025,9,24.733333333333334,1.3533333333333335,88.20333333333333,87.12,29.209999999999997,21.8,6.573333333333333,0.9233333333333333,25.040000000000003,11.396666666666667,4.385266666666666,95.75666666666666,23.51,2.327733333333333,9.604133333333332
ICE,2025,10,24.183333333333337,1.6766666666666665,87.32,89.3,27.986666666666665,21.62,6.976666666666667,0.9866666666666667,24.61,13.706666666666669,4.133533333333333,95.67666666666668,23.183333333333334,2.2164,9.546
ICE,2025,11,24.099999999999998,2.006666666666667,75.77,88.47333333333334,28.153333333333332,20.09,6.563333333333333,0.9500000000000001,24.24333333333333,7.266666666666666,4.011733333333333,95.71666666666665,23.02333333333333,1.8472333333333333,9.476999999999999
ICE,2025,12,23.80333333333333,2.3233333333333337,-999.0,84.78333333333333,28.003333333333334,20.633333333333336,-999.0,0.8633333333333333,23.913333333333338,4.636666666666667,-999.0,95.73666666666668,22.349999999999998,-999.0,-999.0
